Subject,Predicate,Object
https://round4.ng-london.org.uk/ex/lcd/31FQ-5IW7-TEH8-C0N2,http://www.cidoc-crm.org/cidoc-crm/P2_has_type,http://www.cidoc-crm.org/cidoc-crm/E74_Group
https://round4.ng-london.org.uk/ex/lcd/QI93-WFU9-HRKW-I1W7,http://www.cidoc-crm.org/cidoc-crm/P2_has_type,http://www.cidoc-crm.org/cidoc-crm/E73_Information_Object
https://round4.ng-london.org.uk/ex/lcd/GLWB-5V4J-6OSF-C0SW,http://www.cidoc-crm.org/cidoc-crm/P1_is_identified_by,http://www.palazzoducaleurbino.it/
https://round4.ng-london.org.uk/ex/lcd/0NPL-LTWL-MPPS-0T6M,http://www.cidoc-crm.org/cidoc-crm/P2_has_type,http://www.cidoc-crm.org/cidoc-crm/E53_Place
https://round4.ng-london.org.uk/ex/lcd/L4P8-ZS75-WB6T-D1NZ,http://www.cidoc-crm.org/cidoc-crm/P2_has_type,http://www.cidoc-crm.org/cidoc-crm/E73_Information_Object
https://round4.ng-london.org.uk/ex/lcd/ME5F-NPNJ-PWCZ-6XI9,http://www.cidoc-crm.org/cidoc-crm/P1_is_identified_by,https://rdf.ng-london.org.uk/raphael/resource/Urbino
https://round4.ng-london.org.uk/ex/lcd/4MIG-1BD0-POND-WURH,http://www.cidoc-crm.org/cidoc-crm/P1_is_identified_by,https://rdf.ng-london.org.uk/raphael/resource/Citt%C3%A0_di_Castello
https://round4.ng-london.org.uk/ex/lcd/LZKA-RNOA-6SH4-AGR9,http://www.cidoc-crm.org/cidoc-crm/P2_has_type,http://www.cidoc-crm.org/cidoc-crm/E73_Information_Object
https://round4.ng-london.org.uk/ex/lcd/DOLH-9JLD-8PLB-0A7X,http://www.cidoc-crm.org/cidoc-crm/P2_has_type,http://www.cidoc-crm.org/cidoc-crm/E53_Place
https://round4.ng-london.org.uk/ex/lcd/BB06-X1DZ-NZYX-U0EH,http://www.cidoc-crm.org/cidoc-crm/P1_is_identified_by,https://rdf.ng-london.org.uk/raphael/resource/Pasadena
https://round4.ng-london.org.uk/ex/lcd/AHI1-KCVV-9WQZ-D144,http://www.cidoc-crm.org/cidoc-crm/P70i_is_documented_in,https://round4.ng-london.org.uk/ex/lcd/6XHG-R1OR-PC1W-P7RE
https://round4.ng-london.org.uk/ex/lcd/OKA8-NWDI-J7GS-SCDR,http://www.cidoc-crm.org/cidoc-crm/P2_has_type,http://www.cidoc-crm.org/cidoc-crm/E53_Place
https://round4.ng-london.org.uk/ex/lcd/6GKP-7GVE-EPRI-AG5T,http://www.cidoc-crm.org/cidoc-crm/P1_is_identified_by,https://rdf.ng-london.org.uk/raphael/resource/Paris
https://round4.ng-london.org.uk/ex/lcd/XJPU-MORD-SAUN-B7E8,http://www.cidoc-crm.org/cidoc-crm/P2_has_type,http://vocab.getty.edu/page/aat/300403974
https://round4.ng-london.org.uk/ex/lcd/KJQO-BEJ5-S28W-8OXD,http://www.cidoc-crm.org/cidoc-crm/P3_has_note,
https://round4.ng-london.org.uk/ex/lcd/C3AB-HI16-UMXE-SS0I,http://www.cidoc-crm.org/cidoc-crm/P2_has_type,http://www.cidoc-crm.org/cidoc-crm/E73_Information_Object
https://round4.ng-london.org.uk/ex/lcd/S5D9-SZGT-QPJA-FK4D,http://www.cidoc-crm.org/cidoc-crm/P1_is_identified_by,http://www.britishmuseum.org/default.aspx
https://round4.ng-london.org.uk/ex/lcd/E7PK-1BQC-AA25-V609,http://www.cidoc-crm.org/cidoc-crm/P1_is_identified_by,http://www.masp.art.br/teaser/index.html
https://round4.ng-london.org.uk/ex/lcd/ELDA-XTU3-0W45-LLAX,http://www.cidoc-crm.org/cidoc-crm/P70i_is_documented_in,https://round4.ng-london.org.uk/ex/lcd/XEGK-KRZN-UUIV-LP1E
https://round4.ng-london.org.uk/ex/lcd/L6UN-E853-VHVQ-3EDH,http://www.cidoc-crm.org/cidoc-crm/P1_is_identified_by,https://rdf.ng-london.org.uk/raphael/resource/Vienna
https://round4.ng-london.org.uk/ex/lcd/89MJ-N4T7-ON4V-426A,http://www.cidoc-crm.org/cidoc-crm/P2_has_type,http://www.cidoc-crm.org/cidoc-crm/E74_Group
https://round4.ng-london.org.uk/ex/lcd/TGA4-2UVH-REZS-5ENI,http://www.cidoc-crm.org/cidoc-crm/P2_has_type,http://www.cidoc-crm.org/cidoc-crm/E53_Place
https://round4.ng-london.org.uk/ex/lcd/P7IZ-MFVV-4A3M-CSVQ,http://www.cidoc-crm.org/cidoc-crm/P2_has_type,http://www.cidoc-crm.org/cidoc-crm/E53_Place
https://round4.ng-london.org.uk/ex/lcd/ELDA-XTU3-0W45-LLAX,http://www.cidoc-crm.org/cidoc-crm/P3_has_note,
https://round4.ng-london.org.uk/ex/lcd/81RP-GDFX-Q5FW-XKD2,http://www.cidoc-crm.org/cidoc-crm/P53_has_former_or_current_location,https://round4.ng-london.org.uk/ex/lcd/7UBF-LM7Y-IVCJ-QXKG
https://round4.ng-london.org.uk/ex/lcd/QT93-ZGFQ-YF4K-3NZS,http://www.cidoc-crm.org/cidoc-crm/P3_has_note,
https://round4.ng-london.org.uk/ex/lcd/QI93-WFU9-HRKW-I1W7,http://www.cidoc-crm.org/cidoc-crm/P1_is_identified_by,http://www.bresciamusei.com/pages/page_template_page.aspx?zone_id=15
https://round4.ng-london.org.uk/ex/lcd/NVIB-OTC4-3L1Y-WEGI,http://www.cidoc-crm.org/cidoc-crm/P2_has_type,http://www.cidoc-crm.org/cidoc-crm/E74_Group
https://round4.ng-london.org.uk/ex/lcd/KU07-XTXC-2BE2-6CO9,http://www.cidoc-crm.org/cidoc-crm/P1_is_identified_by,https://rdf.ng-london.org.uk/raphael/resource/Paris
https://round4.ng-london.org.uk/ex/lcd/KJQO-BEJ5-S28W-8OXD,http://www.cidoc-crm.org/cidoc-crm/P70i_is_documented_in,https://round4.ng-london.org.uk/ex/lcd/ALIX-QW4C-6G9G-7US1
https://round4.ng-london.org.uk/ex/lcd/R81K-77GM-YCUZ-5P2L,http://www.cidoc-crm.org/cidoc-crm/P53_has_former_or_current_location,https://round4.ng-london.org.uk/ex/lcd/4MIG-1BD0-POND-WURH
https://round4.ng-london.org.uk/ex/lcd/BQTR-UMB2-HOSN-31IE,http://www.cidoc-crm.org/cidoc-crm/P2_has_type,http://www.cidoc-crm.org/cidoc-crm/E74_Group
https://round4.ng-london.org.uk/ex/lcd/F21A-BIAT-02GF-GUYG,http://www.cidoc-crm.org/cidoc-crm/P2_has_type,http://www.cidoc-crm.org/cidoc-crm/E74_Group
https://round4.ng-london.org.uk/ex/lcd/FDE3-WJWT-BXX8-GKXX,http://www.cidoc-crm.org/cidoc-crm/P3_has_note,
https://round4.ng-london.org.uk/ex/lcd/URSD-ZU99-ZPRF-THE5,http://www.cidoc-crm.org/cidoc-crm/P2_has_type,http://www.cidoc-crm.org/cidoc-crm/E73_Information_Object
http://vocab.getty.edu/page/aat/300025231,http://www.cidoc-crm.org/cidoc-crm/P1_is_identified_by,partners
https://round4.ng-london.org.uk/ex/lcd/GTIF-1F4W-KY38-3F0C,http://www.cidoc-crm.org/cidoc-crm/P3_has_note,"The National Gallery in London, founded in 1824, houses a rich collection of over 2,500 paintings dating from the mid-13th century to 1900 in its home on Trafalgar Square."
https://round4.ng-london.org.uk/ex/lcd/SEGK-V20V-BNNL-W2D7,http://www.cidoc-crm.org/cidoc-crm/P2_has_type,http://vocab.getty.edu/page/aat/300403974
https://round4.ng-london.org.uk/ex/lcd/TV0X-8OM5-0OY9-XOJE,http://www.cidoc-crm.org/cidoc-crm/P2_has_type,http://www.cidoc-crm.org/cidoc-crm/E74_Group
https://round4.ng-london.org.uk/ex/lcd/DOZA-SV84-4YDX-5QFY,http://www.cidoc-crm.org/cidoc-crm/P53_has_former_or_current_location,https://round4.ng-london.org.uk/ex/lcd/0ES6-04W4-1QZO-STY1
https://round4.ng-london.org.uk/ex/lcd/VVUH-8B7Q-06PS-REQE,http://www.cidoc-crm.org/cidoc-crm/P2_has_type,http://www.cidoc-crm.org/cidoc-crm/E74_Group
https://round4.ng-london.org.uk/ex/lcd/YP68-CCBF-R1AF-W5NU,http://www.cidoc-crm.org/cidoc-crm/P2_has_type,http://www.cidoc-crm.org/cidoc-crm/E73_Information_Object
https://round4.ng-london.org.uk/ex/lcd/AS56-7SG9-A4AA-BH9L,http://www.cidoc-crm.org/cidoc-crm/P53_has_former_or_current_location,https://round4.ng-london.org.uk/ex/lcd/E0YS-A1CZ-Q5OE-I8JJ
https://round4.ng-london.org.uk/ex/lcd/J17E-1LKU-4ZVU-4U1I,http://www.cidoc-crm.org/cidoc-crm/P53_has_former_or_current_location,https://round4.ng-london.org.uk/ex/lcd/0DWK-BF8Y-VVIF-2KY8
https://round4.ng-london.org.uk/ex/lcd/UKR7-9ZCZ-70XK-YZ4A,http://www.cidoc-crm.org/cidoc-crm/P53_has_former_or_current_location,https://round4.ng-london.org.uk/ex/lcd/ENJO-9U8C-W8GE-4EPN
https://round4.ng-london.org.uk/ex/lcd/C0S3-0A07-XBAI-U8YL,http://www.cidoc-crm.org/cidoc-crm/P1_is_identified_by,https://rdf.ng-london.org.uk/raphael/resource/New_York
https://round4.ng-london.org.uk/ex/lcd/NVIB-OTC4-3L1Y-WEGI,http://www.cidoc-crm.org/cidoc-crm/P53_has_former_or_current_location,https://round4.ng-london.org.uk/ex/lcd/TGA4-2UVH-REZS-5ENI
https://round4.ng-london.org.uk/ex/lcd/OSBH-D4LH-D5K0-F9SD,http://www.cidoc-crm.org/cidoc-crm/P2_has_type,http://www.cidoc-crm.org/cidoc-crm/E73_Information_Object
https://round4.ng-london.org.uk/ex/lcd/R81K-77GM-YCUZ-5P2L,http://www.cidoc-crm.org/cidoc-crm/P2_has_type,http://vocab.getty.edu/page/aat/300403974
https://round4.ng-london.org.uk/ex/lcd/MLC1-RAW4-0JNV-7EO7,http://www.cidoc-crm.org/cidoc-crm/P2_has_type,http://www.cidoc-crm.org/cidoc-crm/E74_Group
https://round4.ng-london.org.uk/ex/lcd/NU8A-I6P6-D0LX-KRXT,http://www.cidoc-crm.org/cidoc-crm/P2_has_type,http://www.cidoc-crm.org/cidoc-crm/E53_Place
https://round4.ng-london.org.uk/ex/lcd/7CL6-V7JN-SN2L-GN7H,http://www.cidoc-crm.org/cidoc-crm/P53_has_former_or_current_location,https://round4.ng-london.org.uk/ex/lcd/64LB-TAVU-XWF2-4SRV
https://round4.ng-london.org.uk/ex/lcd/RE6T-Q0EF-PYQ3-MWT3,http://www.cidoc-crm.org/cidoc-crm/P1_is_identified_by,http://www.mnarteantiga-ipmuseus.pt/
https://round4.ng-london.org.uk/ex/lcd/QT93-ZGFQ-YF4K-3NZS,http://www.cidoc-crm.org/cidoc-crm/P70i_is_documented_in,https://round4.ng-london.org.uk/ex/lcd/LRSW-41UL-BY01-A9OT
https://round4.ng-london.org.uk/ex/lcd/ANK7-A20O-D7BR-E6DM,http://www.cidoc-crm.org/cidoc-crm/P2_has_type,http://vocab.getty.edu/page/aat/300403974
https://round4.ng-london.org.uk/ex/lcd/RE6T-Q0EF-PYQ3-MWT3,http://www.cidoc-crm.org/cidoc-crm/P2_has_type,http://www.cidoc-crm.org/cidoc-crm/E73_Information_Object
https://round4.ng-london.org.uk/ex/lcd/UC5D-PXLK-NRS1-UU4A,http://www.cidoc-crm.org/cidoc-crm/P70i_is_documented_in,https://round4.ng-london.org.uk/ex/lcd/BLDW-NN83-K0PI-UB7H
https://round4.ng-london.org.uk/ex/lcd/5TBU-MSOQ-NOFA-TY58,http://www.cidoc-crm.org/cidoc-crm/P2_has_type,http://www.cidoc-crm.org/cidoc-crm/E73_Information_Object
https://round4.ng-london.org.uk/ex/lcd/GKVG-C982-GQHF-VA2L,http://www.cidoc-crm.org/cidoc-crm/P2_has_type,http://www.cidoc-crm.org/cidoc-crm/E74_Group
https://round4.ng-london.org.uk/ex/lcd/UDRR-BPIW-LMRB-1WP4,http://www.cidoc-crm.org/cidoc-crm/P1_is_identified_by,https://rdf.ng-london.org.uk/raphael/resource/London
https://round4.ng-london.org.uk/ex/lcd/XHMW-W1GB-N895-WTHB,http://www.cidoc-crm.org/cidoc-crm/P2_has_type,http://vocab.getty.edu/page/aat/300403974
https://round4.ng-london.org.uk/ex/lcd/6GKP-7GVE-EPRI-AG5T,http://www.cidoc-crm.org/cidoc-crm/P2_has_type,http://www.cidoc-crm.org/cidoc-crm/E53_Place
https://round4.ng-london.org.uk/ex/lcd/AHI1-KCVV-9WQZ-D144,http://www.cidoc-crm.org/cidoc-crm/P3_has_note,"When the Museum's new 127,000-square-foot building opens in April 2010, it will create a beautiful home for the permanent collection with dramatically expanded exhibition space highlighted by daylit galleries. The aluminum-clad exterior will be surrounded by exquisite outdoor gardens showcasing large-scale sculpture. Dozens of new art acquisitions will be on view for the first time as North Carolinians come together to celebrate her greatest cultural gem—the transformed North Carolina Museum of Art."
https://round4.ng-london.org.uk/ex/lcd/NSEY-S1YH-J05P-CNJ9,http://www.cidoc-crm.org/cidoc-crm/P1_is_identified_by,https://rdf.ng-london.org.uk/raphael/resource/Lisbon
https://round4.ng-london.org.uk/ex/lcd/3F6B-0TI8-U5N9-9CM5,http://www.cidoc-crm.org/cidoc-crm/P2_has_type,http://www.cidoc-crm.org/cidoc-crm/E53_Place
https://round4.ng-london.org.uk/ex/lcd/XJPU-MORD-SAUN-B7E8,http://www.cidoc-crm.org/cidoc-crm/P53_has_former_or_current_location,https://round4.ng-london.org.uk/ex/lcd/LHVL-7THF-DRVN-EWZV
https://round4.ng-london.org.uk/ex/lcd/94MW-WQ5W-DQ5D-HLXS,http://www.cidoc-crm.org/cidoc-crm/P53_has_former_or_current_location,https://round4.ng-london.org.uk/ex/lcd/FT78-994D-YR0W-WI72
https://round4.ng-london.org.uk/ex/lcd/2NU2-XRRR-EY1T-03PY,http://www.cidoc-crm.org/cidoc-crm/P70i_is_documented_in,https://round4.ng-london.org.uk/ex/lcd/2AO0-VDM4-XTPA-MIEL
https://round4.ng-london.org.uk/ex/lcd/AQ0X-1FXQ-5LUI-SLW8,http://www.cidoc-crm.org/cidoc-crm/P2_has_type,http://vocab.getty.edu/page/aat/300025231
https://round4.ng-london.org.uk/ex/lcd/2UEH-TI0O-0YSB-W9V5,http://www.cidoc-crm.org/cidoc-crm/P2_has_type,http://vocab.getty.edu/page/aat/300403974
https://round4.ng-london.org.uk/ex/lcd/GTIF-1F4W-KY38-3F0C,http://www.cidoc-crm.org/cidoc-crm/P2_has_type,http://vocab.getty.edu/page/aat/300403974
https://round4.ng-london.org.uk/ex/lcd/YC94-RTRI-XWVC-4K4V,http://www.cidoc-crm.org/cidoc-crm/P2_has_type,http://www.cidoc-crm.org/cidoc-crm/E53_Place
https://round4.ng-london.org.uk/ex/lcd/TX37-L7E8-HKNN-KZP1,http://www.cidoc-crm.org/cidoc-crm/P2_has_type,http://www.cidoc-crm.org/cidoc-crm/E53_Place
https://round4.ng-london.org.uk/ex/lcd/Z8SL-BLJ9-VX39-H3CH,http://www.cidoc-crm.org/cidoc-crm/P2_has_type,http://www.cidoc-crm.org/cidoc-crm/E73_Information_Object
https://round4.ng-london.org.uk/ex/lcd/2JYQ-K7V6-6TPM-WRLV,http://www.cidoc-crm.org/cidoc-crm/P2_has_type,http://www.cidoc-crm.org/cidoc-crm/E73_Information_Object
https://round4.ng-london.org.uk/ex/lcd/MY6F-ZKC0-BXZL-5WWJ,http://www.cidoc-crm.org/cidoc-crm/P2_has_type,http://vocab.getty.edu/page/aat/300403974
https://round4.ng-london.org.uk/ex/lcd/UZYR-TJIJ-L6X2-ZIQG,http://www.cidoc-crm.org/cidoc-crm/P1_is_identified_by,https://rdf.ng-london.org.uk/raphael/resource/Bergamo
https://round4.ng-london.org.uk/ex/lcd/8HTP-TC8A-NLPV-KETY,http://www.cidoc-crm.org/cidoc-crm/P53_has_former_or_current_location,https://round4.ng-london.org.uk/ex/lcd/Z6CB-TEMW-GPXY-LLU2
https://round4.ng-london.org.uk/ex/lcd/AS56-7SG9-A4AA-BH9L,http://www.cidoc-crm.org/cidoc-crm/P2_has_type,http://vocab.getty.edu/page/aat/300403974
https://round4.ng-london.org.uk/ex/lcd/A161-GN92-W8S0-P8YQ,http://www.cidoc-crm.org/cidoc-crm/P2_has_type,http://www.cidoc-crm.org/cidoc-crm/E73_Information_Object
https://round4.ng-london.org.uk/ex/lcd/PSE6-0HB8-JW4E-Z4V6,http://www.cidoc-crm.org/cidoc-crm/P70i_is_documented_in,https://round4.ng-london.org.uk/ex/lcd/ZU0G-O4LB-0227-6DZM
https://round4.ng-london.org.uk/ex/lcd/DOZA-SV84-4YDX-5QFY,http://www.cidoc-crm.org/cidoc-crm/P2_has_type,http://www.cidoc-crm.org/cidoc-crm/E74_Group
https://round4.ng-london.org.uk/ex/lcd/R0PY-VMIS-LYO4-EQTM,http://www.cidoc-crm.org/cidoc-crm/P2_has_type,http://www.cidoc-crm.org/cidoc-crm/E73_Information_Object
https://round4.ng-london.org.uk/ex/lcd/9LV0-JZ5R-UMM0-PRYA,http://www.cidoc-crm.org/cidoc-crm/P2_has_type,http://www.cidoc-crm.org/cidoc-crm/E74_Group
https://round4.ng-london.org.uk/ex/lcd/81RP-GDFX-Q5FW-XKD2,http://www.cidoc-crm.org/cidoc-crm/P2_has_type,http://vocab.getty.edu/page/aat/300403974
https://round4.ng-london.org.uk/ex/lcd/5KMP-7361-YW86-Q6Q7,http://www.cidoc-crm.org/cidoc-crm/P2_has_type,http://www.cidoc-crm.org/cidoc-crm/E73_Information_Object
https://round4.ng-london.org.uk/ex/lcd/KJQO-BEJ5-S28W-8OXD,http://www.cidoc-crm.org/cidoc-crm/P2_has_type,http://vocab.getty.edu/page/aat/300403974
https://round4.ng-london.org.uk/ex/lcd/NU8A-I6P6-D0LX-KRXT,http://www.cidoc-crm.org/cidoc-crm/P1_is_identified_by,https://rdf.ng-london.org.uk/raphael/resource/Raleigh
https://round4.ng-london.org.uk/ex/lcd/J17E-1LKU-4ZVU-4U1I,http://www.cidoc-crm.org/cidoc-crm/P2_has_type,http://vocab.getty.edu/page/aat/300025231
https://round4.ng-london.org.uk/ex/lcd/PSE6-0HB8-JW4E-Z4V6,http://www.cidoc-crm.org/cidoc-crm/P3_has_note,"Né de la fusion du Laboratoire de recherche des musées de France, fondé en 1931, et du Service de restauration des musées de France, le Centre de recherche et de restauration des musées de France (C2RMF), à Paris, met en oeuvre la politique de la Direction des musées de France en matière de recherche, de conservation préventive et de restauration. Constituées dans le cadre de ses missions, les archives scientifiques du C2RMF comprennent aujourd'hui 40 000 rapports de laboratoire et 34 000 dossiers de restauration, concernant plus de 60 000 oeuvres des musées de France."
https://round4.ng-london.org.uk/ex/lcd/ELDA-XTU3-0W45-LLAX,http://www.cidoc-crm.org/cidoc-crm/P2_has_type,http://vocab.getty.edu/page/aat/300403974
https://round4.ng-london.org.uk/ex/lcd/QT93-ZGFQ-YF4K-3NZS,http://www.cidoc-crm.org/cidoc-crm/P2_has_type,http://vocab.getty.edu/page/aat/300403974
https://round4.ng-london.org.uk/ex/lcd/UDRR-BPIW-LMRB-1WP4,http://www.cidoc-crm.org/cidoc-crm/P2_has_type,http://www.cidoc-crm.org/cidoc-crm/E53_Place
https://round4.ng-london.org.uk/ex/lcd/QMII-W806-H73K-UDGH,http://www.cidoc-crm.org/cidoc-crm/P2_has_type,http://www.cidoc-crm.org/cidoc-crm/E73_Information_Object
https://round4.ng-london.org.uk/ex/lcd/KV8Q-9XLL-BJLM-Y65V,http://www.cidoc-crm.org/cidoc-crm/P70i_is_documented_in,https://round4.ng-london.org.uk/ex/lcd/7ZJS-ND6S-EGWM-EH76
https://round4.ng-london.org.uk/ex/lcd/AHI1-KCVV-9WQZ-D144,http://www.cidoc-crm.org/cidoc-crm/P2_has_type,http://vocab.getty.edu/page/aat/300025231
https://round4.ng-london.org.uk/ex/lcd/31FQ-5IW7-TEH8-C0N2,http://www.cidoc-crm.org/cidoc-crm/P3_has_note,
https://round4.ng-london.org.uk/ex/lcd/OXM9-HTU8-Y6XV-AN4U,http://www.cidoc-crm.org/cidoc-crm/P2_has_type,http://www.cidoc-crm.org/cidoc-crm/E53_Place
https://round4.ng-london.org.uk/ex/lcd/31FQ-5IW7-TEH8-C0N2,http://www.cidoc-crm.org/cidoc-crm/P53_has_former_or_current_location,https://round4.ng-london.org.uk/ex/lcd/0NPL-LTWL-MPPS-0T6M
https://round4.ng-london.org.uk/ex/lcd/FDE3-WJWT-BXX8-GKXX,http://www.cidoc-crm.org/cidoc-crm/P2_has_type,http://vocab.getty.edu/page/aat/300403974
https://round4.ng-london.org.uk/ex/lcd/GO4M-987M-8DLZ-N8SC,http://www.cidoc-crm.org/cidoc-crm/P3_has_note,"The Norton Simon Museum is known around the world as one of the most remarkable private art collections ever assembled. Over a 30-year period, 20th-century industrialist Norton Simon (1907–1993) amassed an astonishing collection of European art from the Renaissance to the 20th century and a stellar collection of South and Southeast Asian art spanning 2,000 years. Modern and Contemporary Art from Europe and the United States, acquired by the former Pasadena Art Museum, also occupies an important place in the Museum’s collections."
https://round4.ng-london.org.uk/ex/lcd/GTIF-1F4W-KY38-3F0C,http://www.cidoc-crm.org/cidoc-crm/P50i_is_current_keeper_of,https://round4.ng-london.org.uk/ex/lcd/HWLJ-JSGE-JVO9-438Z
https://round4.ng-london.org.uk/ex/lcd/UKR7-9ZCZ-70XK-YZ4A,http://www.cidoc-crm.org/cidoc-crm/P2_has_type,http://vocab.getty.edu/page/aat/300025231
https://round4.ng-london.org.uk/ex/lcd/Z6CB-TEMW-GPXY-LLU2,http://www.cidoc-crm.org/cidoc-crm/P2_has_type,http://www.cidoc-crm.org/cidoc-crm/E53_Place
https://round4.ng-london.org.uk/ex/lcd/TV0X-8OM5-0OY9-XOJE,http://www.cidoc-crm.org/cidoc-crm/P70i_is_documented_in,https://round4.ng-london.org.uk/ex/lcd/U4ZN-E5Q4-G3NW-GIOH
https://round4.ng-london.org.uk/ex/lcd/MLC1-RAW4-0JNV-7EO7,http://www.cidoc-crm.org/cidoc-crm/P70i_is_documented_in,https://round4.ng-london.org.uk/ex/lcd/QMII-W806-H73K-UDGH
https://round4.ng-london.org.uk/ex/lcd/X111-FV3M-ZA8L-WZBK,http://www.cidoc-crm.org/cidoc-crm/P2_has_type,http://www.cidoc-crm.org/cidoc-crm/E73_Information_Object
https://round4.ng-london.org.uk/ex/lcd/4DDJ-VLW8-9BHU-REBN,http://www.cidoc-crm.org/cidoc-crm/P70i_is_documented_in,https://round4.ng-london.org.uk/ex/lcd/GLWB-5V4J-6OSF-C0SW
https://round4.ng-london.org.uk/ex/lcd/RPD0-GTQC-2T35-B2C0,http://www.cidoc-crm.org/cidoc-crm/P1_is_identified_by,https://rdf.ng-london.org.uk/raphael/resource/Naples
https://round4.ng-london.org.uk/ex/lcd/KDUT-YAIM-RJPJ-RC1L,http://www.cidoc-crm.org/cidoc-crm/P53_has_former_or_current_location,https://round4.ng-london.org.uk/ex/lcd/UZYR-TJIJ-L6X2-ZIQG
https://round4.ng-london.org.uk/ex/lcd/O4Z4-NB8L-L21J-0HV2,http://www.cidoc-crm.org/cidoc-crm/P2_has_type,http://www.cidoc-crm.org/cidoc-crm/E74_Group
https://round4.ng-london.org.uk/ex/lcd/2B00-FD7W-6BX3-4072,http://www.cidoc-crm.org/cidoc-crm/P1_is_identified_by,https://rdf.ng-london.org.uk/raphael/resource/Perugia
https://round4.ng-london.org.uk/ex/lcd/NSEY-S1YH-J05P-CNJ9,http://www.cidoc-crm.org/cidoc-crm/P2_has_type,http://www.cidoc-crm.org/cidoc-crm/E53_Place
https://round4.ng-london.org.uk/ex/lcd/HHC5-ZNYB-OWCS-3S4B,http://www.cidoc-crm.org/cidoc-crm/P53_has_former_or_current_location,https://round4.ng-london.org.uk/ex/lcd/I25Q-I8RH-MAAV-DI9Q
https://round4.ng-london.org.uk/ex/lcd/UAIJ-DVW7-DPRZ-J128,http://www.cidoc-crm.org/cidoc-crm/P2_has_type,http://www.cidoc-crm.org/cidoc-crm/E53_Place
https://round4.ng-london.org.uk/ex/lcd/3WQ7-2TU0-G2T1-PQCK,http://www.cidoc-crm.org/cidoc-crm/P2_has_type,http://www.cidoc-crm.org/cidoc-crm/E53_Place
https://round4.ng-london.org.uk/ex/lcd/AQ0X-1FXQ-5LUI-SLW8,http://www.cidoc-crm.org/cidoc-crm/P2_has_type,http://www.cidoc-crm.org/cidoc-crm/E74_Group
https://round4.ng-london.org.uk/ex/lcd/2BOW-3G9H-T0FH-VQPQ,http://www.cidoc-crm.org/cidoc-crm/P2_has_type,http://vocab.getty.edu/page/aat/300403974
https://round4.ng-london.org.uk/ex/lcd/64LB-TAVU-XWF2-4SRV,http://www.cidoc-crm.org/cidoc-crm/P2_has_type,http://www.cidoc-crm.org/cidoc-crm/E53_Place
https://round4.ng-london.org.uk/ex/lcd/BAYK-9L29-P8O9-LXO9,http://www.cidoc-crm.org/cidoc-crm/P1_is_identified_by,© Biblioteca Oliveriana di Pesaro
https://round4.ng-london.org.uk/ex/lcd/BQTR-UMB2-HOSN-31IE,http://www.cidoc-crm.org/cidoc-crm/P3_has_note,
https://round4.ng-london.org.uk/ex/lcd/8O9I-YJF8-RSDX-1IGH,http://www.cidoc-crm.org/cidoc-crm/P2_has_type,http://www.cidoc-crm.org/cidoc-crm/E53_Place
https://round4.ng-london.org.uk/ex/lcd/SKO6-CVEI-SEDO-GQ4M,http://www.cidoc-crm.org/cidoc-crm/P53_has_former_or_current_location,https://round4.ng-london.org.uk/ex/lcd/XYN7-6FRQ-0ZPC-G6M7
https://round4.ng-london.org.uk/ex/lcd/E8FJ-2YO0-E63P-JOAR,http://www.cidoc-crm.org/cidoc-crm/P1_is_identified_by,http://www.royalacademy.org.uk/
https://round4.ng-london.org.uk/ex/lcd/F21A-BIAT-02GF-GUYG,http://www.cidoc-crm.org/cidoc-crm/P3_has_note,
https://round4.ng-london.org.uk/ex/lcd/2BOW-3G9H-T0FH-VQPQ,http://www.cidoc-crm.org/cidoc-crm/P3_has_note,"A Exposição permanente do MNAA está instalada em 70 salas distribuídas por três pisos do museu, edifício que é constituído pelo palácio Alvor-Pombal, a edificação primitiva, e o Anexo, como tradicionalmente é designada a parte construída nos anos 40 do século XX."
https://round4.ng-london.org.uk/ex/lcd/0DWK-BF8Y-VVIF-2KY8,http://www.cidoc-crm.org/cidoc-crm/P1_is_identified_by,https://rdf.ng-london.org.uk/raphael/resource/London
https://round4.ng-london.org.uk/ex/lcd/E1XS-OU71-W212-07Q2,http://www.cidoc-crm.org/cidoc-crm/P2_has_type,http://www.cidoc-crm.org/cidoc-crm/E53_Place
https://round4.ng-london.org.uk/ex/lcd/OKA8-NWDI-J7GS-SCDR,http://www.cidoc-crm.org/cidoc-crm/P1_is_identified_by,https://rdf.ng-london.org.uk/raphael/resource/Milan
https://round4.ng-london.org.uk/ex/lcd/BKBP-FQ6S-3W6D-CJYA,http://www.cidoc-crm.org/cidoc-crm/P2_has_type,http://www.cidoc-crm.org/cidoc-crm/E74_Group
https://round4.ng-london.org.uk/ex/lcd/I25Q-I8RH-MAAV-DI9Q,http://www.cidoc-crm.org/cidoc-crm/P2_has_type,http://www.cidoc-crm.org/cidoc-crm/E53_Place
https://round4.ng-london.org.uk/ex/lcd/J17E-1LKU-4ZVU-4U1I,http://www.cidoc-crm.org/cidoc-crm/P2_has_type,http://www.cidoc-crm.org/cidoc-crm/E74_Group
https://round4.ng-london.org.uk/ex/lcd/GKVG-C982-GQHF-VA2L,http://www.cidoc-crm.org/cidoc-crm/P70i_is_documented_in,https://round4.ng-london.org.uk/ex/lcd/YP68-CCBF-R1AF-W5NU
https://round4.ng-london.org.uk/ex/lcd/94MW-WQ5W-DQ5D-HLXS,http://www.cidoc-crm.org/cidoc-crm/P3_has_note,
https://round4.ng-london.org.uk/ex/lcd/C1D8-ERJ0-1MFR-SOF8,http://www.cidoc-crm.org/cidoc-crm/P2_has_type,http://www.cidoc-crm.org/cidoc-crm/E73_Information_Object
https://round4.ng-london.org.uk/ex/lcd/94MW-WQ5W-DQ5D-HLXS,http://www.cidoc-crm.org/cidoc-crm/P2_has_type,http://vocab.getty.edu/page/aat/300403974
https://round4.ng-london.org.uk/ex/lcd/GYZI-RK61-MQU0-3DQX,http://www.cidoc-crm.org/cidoc-crm/P1_is_identified_by,https://rdf.ng-london.org.uk/raphael/resource/Citt%C3%A0_di_Castello
https://round4.ng-london.org.uk/ex/lcd/XSMB-QMTA-7AHQ-VV38,http://www.cidoc-crm.org/cidoc-crm/P1_is_identified_by,https://rdf.ng-london.org.uk/raphael/resource/Berlin
https://round4.ng-london.org.uk/ex/lcd/BKBP-FQ6S-3W6D-CJYA,http://www.cidoc-crm.org/cidoc-crm/P53_has_former_or_current_location,https://round4.ng-london.org.uk/ex/lcd/3F6B-0TI8-U5N9-9CM5
https://round4.ng-london.org.uk/ex/lcd/GKVG-C982-GQHF-VA2L,http://www.cidoc-crm.org/cidoc-crm/P3_has_note,
https://round4.ng-london.org.uk/ex/lcd/A136-OHNR-U3DP-VCHE,http://www.cidoc-crm.org/cidoc-crm/P2_has_type,http://www.cidoc-crm.org/cidoc-crm/E74_Group
https://round4.ng-london.org.uk/ex/lcd/M3QE-KCT8-38IO-FZCI,http://www.cidoc-crm.org/cidoc-crm/P2_has_type,http://vocab.getty.edu/page/aat/300025231
https://round4.ng-london.org.uk/ex/lcd/QALB-LL7Q-CKV4-74NK,http://www.cidoc-crm.org/cidoc-crm/P2_has_type,http://www.cidoc-crm.org/cidoc-crm/E73_Information_Object
https://round4.ng-london.org.uk/ex/lcd/Z6CB-TEMW-GPXY-LLU2,http://www.cidoc-crm.org/cidoc-crm/P1_is_identified_by,https://rdf.ng-london.org.uk/raphael/resource/Dresden
https://round4.ng-london.org.uk/ex/lcd/XLHZ-AYOK-WE7H-7LUZ,http://www.cidoc-crm.org/cidoc-crm/P1_is_identified_by,http://www.gardnermuseum.org/
https://round4.ng-london.org.uk/ex/lcd/4MIG-1BD0-POND-WURH,http://www.cidoc-crm.org/cidoc-crm/P2_has_type,http://www.cidoc-crm.org/cidoc-crm/E53_Place
https://round4.ng-london.org.uk/ex/lcd/AHI1-KCVV-9WQZ-D144,http://www.cidoc-crm.org/cidoc-crm/P2_has_type,http://www.cidoc-crm.org/cidoc-crm/E74_Group
https://round4.ng-london.org.uk/ex/lcd/DOZA-SV84-4YDX-5QFY,http://www.cidoc-crm.org/cidoc-crm/P70i_is_documented_in,https://round4.ng-london.org.uk/ex/lcd/DJS9-JVQO-NZXE-611G
https://round4.ng-london.org.uk/ex/lcd/GO4M-987M-8DLZ-N8SC,http://www.cidoc-crm.org/cidoc-crm/P2_has_type,http://vocab.getty.edu/page/aat/300403974
https://round4.ng-london.org.uk/ex/lcd/I25Q-I8RH-MAAV-DI9Q,http://www.cidoc-crm.org/cidoc-crm/P1_is_identified_by,https://rdf.ng-london.org.uk/raphael/resource/Chatsworth
https://round4.ng-london.org.uk/ex/lcd/PSE6-0HB8-JW4E-Z4V6,http://www.cidoc-crm.org/cidoc-crm/P2_has_type,http://vocab.getty.edu/page/aat/300025231
https://round4.ng-london.org.uk/ex/lcd/HHC5-ZNYB-OWCS-3S4B,http://www.cidoc-crm.org/cidoc-crm/P2_has_type,http://www.cidoc-crm.org/cidoc-crm/E74_Group
https://round4.ng-london.org.uk/ex/lcd/2BOW-3G9H-T0FH-VQPQ,http://www.cidoc-crm.org/cidoc-crm/P70i_is_documented_in,https://round4.ng-london.org.uk/ex/lcd/RE6T-Q0EF-PYQ3-MWT3
https://round4.ng-london.org.uk/ex/lcd/0NPL-LTWL-MPPS-0T6M,http://www.cidoc-crm.org/cidoc-crm/P1_is_identified_by,https://rdf.ng-london.org.uk/raphael/resource/London
https://round4.ng-london.org.uk/ex/lcd/ANK7-A20O-D7BR-E6DM,http://www.cidoc-crm.org/cidoc-crm/P53_has_former_or_current_location,https://round4.ng-london.org.uk/ex/lcd/QUYV-HYLL-A16R-SA8R
https://round4.ng-london.org.uk/ex/lcd/UKR7-9ZCZ-70XK-YZ4A,http://www.cidoc-crm.org/cidoc-crm/P2_has_type,http://www.cidoc-crm.org/cidoc-crm/E74_Group
https://round4.ng-london.org.uk/ex/lcd/FT78-994D-YR0W-WI72,http://www.cidoc-crm.org/cidoc-crm/P1_is_identified_by,https://rdf.ng-london.org.uk/raphael/resource/Lille
https://round4.ng-london.org.uk/ex/lcd/TV0X-8OM5-0OY9-XOJE,http://www.cidoc-crm.org/cidoc-crm/P53_has_former_or_current_location,https://round4.ng-london.org.uk/ex/lcd/WPZ2-EEBY-GX4U-KRRW
https://round4.ng-london.org.uk/ex/lcd/2UEH-TI0O-0YSB-W9V5,http://www.cidoc-crm.org/cidoc-crm/P70i_is_documented_in,https://round4.ng-london.org.uk/ex/lcd/X4F3-VDOU-9FDR-B9SU
https://round4.ng-london.org.uk/ex/lcd/31FQ-5IW7-TEH8-C0N2,http://www.cidoc-crm.org/cidoc-crm/P2_has_type,http://vocab.getty.edu/page/aat/300403974
https://round4.ng-london.org.uk/ex/lcd/FT78-994D-YR0W-WI72,http://www.cidoc-crm.org/cidoc-crm/P1_is_identified_by,https://rdf.ng-london.org.uk/raphael/resource/Mus%C3%A9e_des_Beaux-Arts
https://round4.ng-london.org.uk/ex/lcd/DOZA-SV84-4YDX-5QFY,http://www.cidoc-crm.org/cidoc-crm/P3_has_note,
https://round4.ng-london.org.uk/ex/lcd/0ES6-04W4-1QZO-STY1,http://www.cidoc-crm.org/cidoc-crm/P2_has_type,http://www.cidoc-crm.org/cidoc-crm/E53_Place
https://round4.ng-london.org.uk/ex/lcd/XYN7-6FRQ-0ZPC-G6M7,http://www.cidoc-crm.org/cidoc-crm/P2_has_type,http://www.cidoc-crm.org/cidoc-crm/E53_Place
https://round4.ng-london.org.uk/ex/lcd/7ZJS-ND6S-EGWM-EH76,http://www.cidoc-crm.org/cidoc-crm/P1_is_identified_by,http://www.archivi.beniculturali.it/ASMO/index.html
https://round4.ng-london.org.uk/ex/lcd/23M6-O7OB-OAMX-NMEP,http://www.cidoc-crm.org/cidoc-crm/P70i_is_documented_in,https://round4.ng-london.org.uk/ex/lcd/E8FJ-2YO0-E63P-JOAR
https://round4.ng-london.org.uk/ex/lcd/DJS9-JVQO-NZXE-611G,http://www.cidoc-crm.org/cidoc-crm/P1_is_identified_by,http://www.archiviocapitolino.it/
https://round4.ng-london.org.uk/ex/lcd/GLWB-5V4J-6OSF-C0SW,http://www.cidoc-crm.org/cidoc-crm/P2_has_type,http://www.cidoc-crm.org/cidoc-crm/E73_Information_Object
https://round4.ng-london.org.uk/ex/lcd/MLC1-RAW4-0JNV-7EO7,http://www.cidoc-crm.org/cidoc-crm/P3_has_note,"The J. Paul Getty Museum at the Getty Center in Los Angeles houses European paintings, drawings, sculpture, illuminated manuscripts, decorative arts, and European and American photographs."
https://round4.ng-london.org.uk/ex/lcd/8N68-146X-VKRV-QCHU,http://www.cidoc-crm.org/cidoc-crm/P1_is_identified_by,http://www.themorgan.org/
https://round4.ng-london.org.uk/ex/lcd/AS56-7SG9-A4AA-BH9L,http://www.cidoc-crm.org/cidoc-crm/P70i_is_documented_in,https://round4.ng-london.org.uk/ex/lcd/R0PY-VMIS-LYO4-EQTM
https://round4.ng-london.org.uk/ex/lcd/Z8SL-BLJ9-VX39-H3CH,http://www.cidoc-crm.org/cidoc-crm/P1_is_identified_by,http://www.nga.gov/
https://round4.ng-london.org.uk/ex/lcd/8HTP-TC8A-NLPV-KETY,http://www.cidoc-crm.org/cidoc-crm/P2_has_type,http://vocab.getty.edu/page/aat/300025231
https://round4.ng-london.org.uk/ex/lcd/KU07-XTXC-2BE2-6CO9,http://www.cidoc-crm.org/cidoc-crm/P2_has_type,http://www.cidoc-crm.org/cidoc-crm/E53_Place
https://round4.ng-london.org.uk/ex/lcd/07UV-OKZ3-ZUST-I3BU,http://www.cidoc-crm.org/cidoc-crm/P53_has_former_or_current_location,https://round4.ng-london.org.uk/ex/lcd/P7IZ-MFVV-4A3M-CSVQ
https://round4.ng-london.org.uk/ex/lcd/EWBV-3IN2-UWXJ-8G6Q,http://www.cidoc-crm.org/cidoc-crm/P1_is_identified_by,http://www.musee-conde.fr/
https://round4.ng-london.org.uk/ex/lcd/ELDA-XTU3-0W45-LLAX,http://www.cidoc-crm.org/cidoc-crm/P53_has_former_or_current_location,https://round4.ng-london.org.uk/ex/lcd/GYZI-RK61-MQU0-3DQX
https://round4.ng-london.org.uk/ex/lcd/SKO6-CVEI-SEDO-GQ4M,http://www.cidoc-crm.org/cidoc-crm/P70i_is_documented_in,https://round4.ng-london.org.uk/ex/lcd/5TBU-MSOQ-NOFA-TY58
https://round4.ng-london.org.uk/ex/lcd/89MJ-N4T7-ON4V-426A,http://www.cidoc-crm.org/cidoc-crm/P2_has_type,http://vocab.getty.edu/page/aat/300403974
https://round4.ng-london.org.uk/ex/lcd/TBSW-8FQL-W0G0-3NCY,http://www.cidoc-crm.org/cidoc-crm/P1_is_identified_by,http://www.hermitagemuseum.org/
https://round4.ng-london.org.uk/ex/lcd/J4HZ-VIVR-PJCB-XPNH,http://www.cidoc-crm.org/cidoc-crm/P1_is_identified_by,http://www.cdcnet.net/pinacoteca/
https://round4.ng-london.org.uk/ex/lcd/7SNB-ZWAH-ZJXF-SMCF,http://www.cidoc-crm.org/cidoc-crm/P2_has_type,http://vocab.getty.edu/page/aat/300025231
https://round4.ng-london.org.uk/ex/lcd/XLHZ-AYOK-WE7H-7LUZ,http://www.cidoc-crm.org/cidoc-crm/P2_has_type,http://www.cidoc-crm.org/cidoc-crm/E73_Information_Object
https://round4.ng-london.org.uk/ex/lcd/1C3H-V4U0-5B8Y-782H,http://www.cidoc-crm.org/cidoc-crm/P2_has_type,http://www.cidoc-crm.org/cidoc-crm/E53_Place
https://round4.ng-london.org.uk/ex/lcd/NVIB-OTC4-3L1Y-WEGI,http://www.cidoc-crm.org/cidoc-crm/P2_has_type,http://vocab.getty.edu/page/aat/300403974
https://round4.ng-london.org.uk/ex/lcd/07UV-OKZ3-ZUST-I3BU,http://www.cidoc-crm.org/cidoc-crm/P70i_is_documented_in,https://round4.ng-london.org.uk/ex/lcd/EWNV-25KZ-SLEZ-V50L
https://round4.ng-london.org.uk/ex/lcd/BQTR-UMB2-HOSN-31IE,http://www.cidoc-crm.org/cidoc-crm/P2_has_type,http://vocab.getty.edu/page/aat/300403974
https://round4.ng-london.org.uk/ex/lcd/IO98-R91T-UK6C-PLCP,http://www.cidoc-crm.org/cidoc-crm/P1_is_identified_by,https://rdf.ng-london.org.uk/raphael/resource/Wilton
https://round4.ng-london.org.uk/ex/lcd/7SNB-ZWAH-ZJXF-SMCF,http://www.cidoc-crm.org/cidoc-crm/P53_has_former_or_current_location,https://round4.ng-london.org.uk/ex/lcd/S5O2-TAP9-ZDZF-XF8F
https://round4.ng-london.org.uk/ex/lcd/23M6-O7OB-OAMX-NMEP,http://www.cidoc-crm.org/cidoc-crm/P53_has_former_or_current_location,https://round4.ng-london.org.uk/ex/lcd/YC94-RTRI-XWVC-4K4V
https://round4.ng-london.org.uk/ex/lcd/VVUH-8B7Q-06PS-REQE,http://www.cidoc-crm.org/cidoc-crm/P2_has_type,http://vocab.getty.edu/page/aat/300403974
https://round4.ng-london.org.uk/ex/lcd/X0G5-Y6A7-YUD6-95CH,http://www.cidoc-crm.org/cidoc-crm/P2_has_type,http://www.cidoc-crm.org/cidoc-crm/E74_Group
https://round4.ng-london.org.uk/ex/lcd/TV0X-8OM5-0OY9-XOJE,http://www.cidoc-crm.org/cidoc-crm/P2_has_type,http://vocab.getty.edu/page/aat/300403974
https://round4.ng-london.org.uk/ex/lcd/J17E-1LKU-4ZVU-4U1I,http://www.cidoc-crm.org/cidoc-crm/P70i_is_documented_in,https://round4.ng-london.org.uk/ex/lcd/S5D9-SZGT-QPJA-FK4D
https://round4.ng-london.org.uk/ex/lcd/2JYQ-K7V6-6TPM-WRLV,http://www.cidoc-crm.org/cidoc-crm/P1_is_identified_by,http://www.photo.rmn.fr/
https://round4.ng-london.org.uk/ex/lcd/S3BV-1TOX-RERL-GKF6,http://www.cidoc-crm.org/cidoc-crm/P1_is_identified_by,https://rdf.ng-london.org.uk/raphael/resource/Edinburgh
https://round4.ng-london.org.uk/ex/lcd/2NU2-XRRR-EY1T-03PY,http://www.cidoc-crm.org/cidoc-crm/P3_has_note,"The National Gallery of Scotland in Edinburgh, founded in 1850, houses the national collection of fine art from the early Renaissance to the end of the nineteenth century."
https://round4.ng-london.org.uk/ex/lcd/ZWUW-8ZB3-NHIM-LKD0,http://www.cidoc-crm.org/cidoc-crm/P2_has_type,http://www.cidoc-crm.org/cidoc-crm/E74_Group
https://round4.ng-london.org.uk/ex/lcd/BQTR-UMB2-HOSN-31IE,http://www.cidoc-crm.org/cidoc-crm/P70i_is_documented_in,https://round4.ng-london.org.uk/ex/lcd/X111-FV3M-ZA8L-WZBK
https://round4.ng-london.org.uk/ex/lcd/MY6F-ZKC0-BXZL-5WWJ,http://www.cidoc-crm.org/cidoc-crm/P3_has_note,"Located in midtown Manhattan at Madison Avenue and 36th Street, the Morgan houses one of the world's greatest collections of artistic, literary, and musical works, from ancient times to the medieval and Renaissance periods to the present day."
https://round4.ng-london.org.uk/ex/lcd/8WPF-HVV9-6GGQ-O6LG,http://www.cidoc-crm.org/cidoc-crm/P2_has_type,http://vocab.getty.edu/page/aat/300025231
https://round4.ng-london.org.uk/ex/lcd/7CL6-V7JN-SN2L-GN7H,http://www.cidoc-crm.org/cidoc-crm/P2_has_type,http://www.cidoc-crm.org/cidoc-crm/E74_Group
https://round4.ng-london.org.uk/ex/lcd/21HQ-XHO4-AH29-Y9AN,http://www.cidoc-crm.org/cidoc-crm/P2_has_type,http://www.cidoc-crm.org/cidoc-crm/E74_Group
https://round4.ng-london.org.uk/ex/lcd/V5FH-WGU6-176U-T0JX,http://www.cidoc-crm.org/cidoc-crm/P3_has_note,"Drawings, Watercolours and Prints: The Royal Collection contains around 40,000 drawings and watercolours, and 150,000 prints. The collection is particularly strong in Old Master drawings, especially by Italian artists, and Victorian watercolours."
https://round4.ng-london.org.uk/ex/lcd/R81K-77GM-YCUZ-5P2L,http://www.cidoc-crm.org/cidoc-crm/P70i_is_documented_in,https://round4.ng-london.org.uk/ex/lcd/J4HZ-VIVR-PJCB-XPNH
https://round4.ng-london.org.uk/ex/lcd/MLC1-RAW4-0JNV-7EO7,http://www.cidoc-crm.org/cidoc-crm/P2_has_type,http://vocab.getty.edu/page/aat/300403974
https://round4.ng-london.org.uk/ex/lcd/AQ0X-1FXQ-5LUI-SLW8,http://www.cidoc-crm.org/cidoc-crm/P70i_is_documented_in,https://round4.ng-london.org.uk/ex/lcd/09R2-IJ57-8PE3-YW1Z
https://round4.ng-london.org.uk/ex/lcd/XYN7-6FRQ-0ZPC-G6M7,http://www.cidoc-crm.org/cidoc-crm/P1_is_identified_by,https://rdf.ng-london.org.uk/raphael/resource/Perugia
https://round4.ng-london.org.uk/ex/lcd/KDUT-YAIM-RJPJ-RC1L,http://www.cidoc-crm.org/cidoc-crm/P2_has_type,http://vocab.getty.edu/page/aat/300025231
https://round4.ng-london.org.uk/ex/lcd/M3QE-KCT8-38IO-FZCI,http://www.cidoc-crm.org/cidoc-crm/P2_has_type,http://www.cidoc-crm.org/cidoc-crm/E74_Group
https://round4.ng-london.org.uk/ex/lcd/ALIX-QW4C-6G9G-7US1,http://www.cidoc-crm.org/cidoc-crm/P2_has_type,http://www.cidoc-crm.org/cidoc-crm/E73_Information_Object
https://round4.ng-london.org.uk/ex/lcd/3WQ7-2TU0-G2T1-PQCK,http://www.cidoc-crm.org/cidoc-crm/P1_is_identified_by,https://rdf.ng-london.org.uk/raphael/resource/Perugia
https://round4.ng-london.org.uk/ex/lcd/O4Z4-NB8L-L21J-0HV2,http://www.cidoc-crm.org/cidoc-crm/P3_has_note,
https://round4.ng-london.org.uk/ex/lcd/L6UN-E853-VHVQ-3EDH,http://www.cidoc-crm.org/cidoc-crm/P2_has_type,http://www.cidoc-crm.org/cidoc-crm/E53_Place
https://round4.ng-london.org.uk/ex/lcd/QMII-W806-H73K-UDGH,http://www.cidoc-crm.org/cidoc-crm/P1_is_identified_by,http://www.getty.edu/museum/
https://round4.ng-london.org.uk/ex/lcd/GTIF-1F4W-KY38-3F0C,http://www.cidoc-crm.org/cidoc-crm/P70i_is_documented_in,https://round4.ng-london.org.uk/ex/lcd/URSD-ZU99-ZPRF-THE5
https://round4.ng-london.org.uk/ex/lcd/AQ0X-1FXQ-5LUI-SLW8,http://www.cidoc-crm.org/cidoc-crm/P3_has_note,
https://round4.ng-london.org.uk/ex/lcd/KDUT-YAIM-RJPJ-RC1L,http://www.cidoc-crm.org/cidoc-crm/P70i_is_documented_in,https://round4.ng-london.org.uk/ex/lcd/DXN5-9KBX-6JWF-DXCY
https://round4.ng-london.org.uk/ex/lcd/GKVG-C982-GQHF-VA2L,http://www.cidoc-crm.org/cidoc-crm/P2_has_type,http://vocab.getty.edu/page/aat/300403974
https://round4.ng-london.org.uk/ex/lcd/PSE6-0HB8-JW4E-Z4V6,http://www.cidoc-crm.org/cidoc-crm/P2_has_type,http://www.cidoc-crm.org/cidoc-crm/E74_Group
https://round4.ng-london.org.uk/ex/lcd/FT78-994D-YR0W-WI72,http://www.cidoc-crm.org/cidoc-crm/P2_has_type,http://www.cidoc-crm.org/cidoc-crm/E53_Place
https://round4.ng-london.org.uk/ex/lcd/21HQ-XHO4-AH29-Y9AN,http://www.cidoc-crm.org/cidoc-crm/P53_has_former_or_current_location,https://round4.ng-london.org.uk/ex/lcd/2B00-FD7W-6BX3-4072
https://round4.ng-london.org.uk/ex/lcd/XJPU-MORD-SAUN-B7E8,http://www.cidoc-crm.org/cidoc-crm/P70i_is_documented_in,https://round4.ng-london.org.uk/ex/lcd/EWNV-25KZ-SLEZ-V50L
https://round4.ng-london.org.uk/ex/lcd/4DDJ-VLW8-9BHU-REBN,http://www.cidoc-crm.org/cidoc-crm/P2_has_type,http://www.cidoc-crm.org/cidoc-crm/E74_Group
https://round4.ng-london.org.uk/ex/lcd/0T8A-OSC9-9TIJ-31NI,http://www.cidoc-crm.org/cidoc-crm/P2_has_type,http://www.cidoc-crm.org/cidoc-crm/E74_Group
https://round4.ng-london.org.uk/ex/lcd/JB5V-AYGB-0U13-6FKV,http://www.cidoc-crm.org/cidoc-crm/P2_has_type,http://vocab.getty.edu/page/aat/300025231
https://round4.ng-london.org.uk/ex/lcd/Z9LW-F4WB-ALAL-44FH,http://www.cidoc-crm.org/cidoc-crm/P1_is_identified_by,https://rdf.ng-london.org.uk/raphael/resource/London
https://round4.ng-london.org.uk/ex/lcd/2NU2-XRRR-EY1T-03PY,http://www.cidoc-crm.org/cidoc-crm/P53_has_former_or_current_location,https://round4.ng-london.org.uk/ex/lcd/S3BV-1TOX-RERL-GKF6
https://round4.ng-london.org.uk/ex/lcd/LHVL-7THF-DRVN-EWZV,http://www.cidoc-crm.org/cidoc-crm/P1_is_identified_by,https://rdf.ng-london.org.uk/raphael/resource/Rome
https://round4.ng-london.org.uk/ex/lcd/TX37-L7E8-HKNN-KZP1,http://www.cidoc-crm.org/cidoc-crm/P1_is_identified_by,https://rdf.ng-london.org.uk/raphael/resource/Los_Angeles
https://round4.ng-london.org.uk/ex/lcd/FDE3-WJWT-BXX8-GKXX,http://www.cidoc-crm.org/cidoc-crm/P53_has_former_or_current_location,https://round4.ng-london.org.uk/ex/lcd/OXM9-HTU8-Y6XV-AN4U
https://round4.ng-london.org.uk/ex/lcd/BKBP-FQ6S-3W6D-CJYA,http://www.cidoc-crm.org/cidoc-crm/P3_has_note,
https://round4.ng-london.org.uk/ex/lcd/QALB-LL7Q-CKV4-74NK,http://www.cidoc-crm.org/cidoc-crm/P1_is_identified_by,http://biblioweb.comune.perugia.it/home.php
https://round4.ng-london.org.uk/ex/lcd/8HTP-TC8A-NLPV-KETY,http://www.cidoc-crm.org/cidoc-crm/P2_has_type,http://www.cidoc-crm.org/cidoc-crm/E74_Group
https://round4.ng-london.org.uk/ex/lcd/UC5D-PXLK-NRS1-UU4A,http://www.cidoc-crm.org/cidoc-crm/P2_has_type,http://www.cidoc-crm.org/cidoc-crm/E74_Group
https://round4.ng-london.org.uk/ex/lcd/GO4M-987M-8DLZ-N8SC,http://www.cidoc-crm.org/cidoc-crm/P53_has_former_or_current_location,https://round4.ng-london.org.uk/ex/lcd/BB06-X1DZ-NZYX-U0EH
https://round4.ng-london.org.uk/ex/lcd/J17E-1LKU-4ZVU-4U1I,http://www.cidoc-crm.org/cidoc-crm/P3_has_note,
https://round4.ng-london.org.uk/ex/lcd/DOZA-SV84-4YDX-5QFY,http://www.cidoc-crm.org/cidoc-crm/P2_has_type,http://vocab.getty.edu/page/aat/300403974
https://round4.ng-london.org.uk/ex/lcd/2AO0-VDM4-XTPA-MIEL,http://www.cidoc-crm.org/cidoc-crm/P2_has_type,http://www.cidoc-crm.org/cidoc-crm/E73_Information_Object
https://round4.ng-london.org.uk/ex/lcd/2NU2-XRRR-EY1T-03PY,http://www.cidoc-crm.org/cidoc-crm/P50i_is_current_keeper_of,https://round4.ng-london.org.uk/ex/lcd/7WJ2-NMKF-Q1WG-839W
https://round4.ng-london.org.uk/ex/lcd/XHMW-W1GB-N895-WTHB,http://www.cidoc-crm.org/cidoc-crm/P53_has_former_or_current_location,https://round4.ng-london.org.uk/ex/lcd/3WQ7-2TU0-G2T1-PQCK
https://round4.ng-london.org.uk/ex/lcd/H37R-4GSG-WFQ6-WLBJ,http://www.cidoc-crm.org/cidoc-crm/P1_is_identified_by,http://www.dulwichpicturegallery.org.uk/
https://round4.ng-london.org.uk/ex/lcd/GKVG-C982-GQHF-VA2L,http://www.cidoc-crm.org/cidoc-crm/P53_has_former_or_current_location,https://round4.ng-london.org.uk/ex/lcd/8DDG-KEV6-1DSE-AREK
https://round4.ng-london.org.uk/ex/lcd/3F6B-0TI8-U5N9-9CM5,http://www.cidoc-crm.org/cidoc-crm/P1_is_identified_by,https://rdf.ng-london.org.uk/raphael/resource/Modena
https://round4.ng-london.org.uk/ex/lcd/6XHG-R1OR-PC1W-P7RE,http://www.cidoc-crm.org/cidoc-crm/P2_has_type,http://www.cidoc-crm.org/cidoc-crm/E73_Information_Object
https://round4.ng-london.org.uk/ex/lcd/TV0X-8OM5-0OY9-XOJE,http://www.cidoc-crm.org/cidoc-crm/P3_has_note,"The Metropolitan Museum of Art, New York, founded in 1870, houses a permanent collection containing more than two million works of art, divided into nineteen curatorial departments. The museum's collection of Old Masters numbers approximately 1,700 paintings."
https://round4.ng-london.org.uk/ex/lcd/WPZ2-EEBY-GX4U-KRRW,http://www.cidoc-crm.org/cidoc-crm/P2_has_type,http://www.cidoc-crm.org/cidoc-crm/E53_Place
https://round4.ng-london.org.uk/ex/lcd/QUYV-HYLL-A16R-SA8R,http://www.cidoc-crm.org/cidoc-crm/P2_has_type,http://www.cidoc-crm.org/cidoc-crm/E53_Place
https://round4.ng-london.org.uk/ex/lcd/NVIB-OTC4-3L1Y-WEGI,http://www.cidoc-crm.org/cidoc-crm/P70i_is_documented_in,https://round4.ng-london.org.uk/ex/lcd/EWBV-3IN2-UWXJ-8G6Q
https://round4.ng-london.org.uk/ex/lcd/2B00-FD7W-6BX3-4072,http://www.cidoc-crm.org/cidoc-crm/P2_has_type,http://www.cidoc-crm.org/cidoc-crm/E53_Place
https://round4.ng-london.org.uk/ex/lcd/BB06-X1DZ-NZYX-U0EH,http://www.cidoc-crm.org/cidoc-crm/P2_has_type,http://www.cidoc-crm.org/cidoc-crm/E53_Place
https://round4.ng-london.org.uk/ex/lcd/UZYR-TJIJ-L6X2-ZIQG,http://www.cidoc-crm.org/cidoc-crm/P2_has_type,http://www.cidoc-crm.org/cidoc-crm/E53_Place
https://round4.ng-london.org.uk/ex/lcd/09R2-IJ57-8PE3-YW1Z,http://www.cidoc-crm.org/cidoc-crm/P2_has_type,http://www.cidoc-crm.org/cidoc-crm/E73_Information_Object
https://round4.ng-london.org.uk/ex/lcd/2AO0-VDM4-XTPA-MIEL,http://www.cidoc-crm.org/cidoc-crm/P1_is_identified_by,http://www.nationalgalleries.org/
https://round4.ng-london.org.uk/ex/lcd/8WPF-HVV9-6GGQ-O6LG,http://www.cidoc-crm.org/cidoc-crm/P2_has_type,http://www.cidoc-crm.org/cidoc-crm/E74_Group
https://round4.ng-london.org.uk/ex/lcd/EWBV-3IN2-UWXJ-8G6Q,http://www.cidoc-crm.org/cidoc-crm/P2_has_type,http://www.cidoc-crm.org/cidoc-crm/E73_Information_Object
https://round4.ng-london.org.uk/ex/lcd/ALIX-QW4C-6G9G-7US1,http://www.cidoc-crm.org/cidoc-crm/P1_is_identified_by,http://www.staedelmuseum.de/sm/index.php?StoryID=11
https://round4.ng-london.org.uk/ex/lcd/7UBF-LM7Y-IVCJ-QXKG,http://www.cidoc-crm.org/cidoc-crm/P2_has_type,http://www.cidoc-crm.org/cidoc-crm/E53_Place
https://round4.ng-london.org.uk/ex/lcd/X0G5-Y6A7-YUD6-95CH,http://www.cidoc-crm.org/cidoc-crm/P70i_is_documented_in,https://round4.ng-london.org.uk/ex/lcd/2JYQ-K7V6-6TPM-WRLV
https://round4.ng-london.org.uk/ex/lcd/KDUT-YAIM-RJPJ-RC1L,http://www.cidoc-crm.org/cidoc-crm/P2_has_type,http://www.cidoc-crm.org/cidoc-crm/E74_Group
https://round4.ng-london.org.uk/ex/lcd/GRF3-243V-J4IL-W87R,http://www.cidoc-crm.org/cidoc-crm/P2_has_type,http://www.cidoc-crm.org/cidoc-crm/E53_Place
https://round4.ng-london.org.uk/ex/lcd/VVUH-8B7Q-06PS-REQE,http://www.cidoc-crm.org/cidoc-crm/P3_has_note,Old Master Paintings: The 3000 paintings offer an almost uninterrupted survey of the development of European painting from the 13th to the late 18th centuries.
https://round4.ng-london.org.uk/ex/lcd/S3BV-1TOX-RERL-GKF6,http://www.cidoc-crm.org/cidoc-crm/P2_has_type,http://www.cidoc-crm.org/cidoc-crm/E53_Place
https://round4.ng-london.org.uk/ex/lcd/E7PK-1BQC-AA25-V609,http://www.cidoc-crm.org/cidoc-crm/P2_has_type,http://www.cidoc-crm.org/cidoc-crm/E73_Information_Object
https://round4.ng-london.org.uk/ex/lcd/NI4U-HLI4-SJX7-RP9P,http://www.cidoc-crm.org/cidoc-crm/P2_has_type,http://www.cidoc-crm.org/cidoc-crm/E73_Information_Object
https://round4.ng-london.org.uk/ex/lcd/LMSZ-97X0-HKDS-2BUS,http://www.cidoc-crm.org/cidoc-crm/P2_has_type,http://www.cidoc-crm.org/cidoc-crm/E73_Information_Object
https://round4.ng-london.org.uk/ex/lcd/1C3H-V4U0-5B8Y-782H,http://www.cidoc-crm.org/cidoc-crm/P1_is_identified_by,https://rdf.ng-london.org.uk/raphael/resource/Budapest
https://round4.ng-london.org.uk/ex/lcd/UAIJ-DVW7-DPRZ-J128,http://www.cidoc-crm.org/cidoc-crm/P1_is_identified_by,https://rdf.ng-london.org.uk/raphael/resource/S%C3%A3o_Paulo
https://round4.ng-london.org.uk/ex/lcd/23M6-O7OB-OAMX-NMEP,http://www.cidoc-crm.org/cidoc-crm/P2_has_type,http://www.cidoc-crm.org/cidoc-crm/E74_Group
https://round4.ng-london.org.uk/ex/lcd/0T8A-OSC9-9TIJ-31NI,http://www.cidoc-crm.org/cidoc-crm/P70i_is_documented_in,https://round4.ng-london.org.uk/ex/lcd/XLHZ-AYOK-WE7H-7LUZ
https://round4.ng-london.org.uk/ex/lcd/7ZJS-ND6S-EGWM-EH76,http://www.cidoc-crm.org/cidoc-crm/P2_has_type,http://www.cidoc-crm.org/cidoc-crm/E73_Information_Object
https://round4.ng-london.org.uk/ex/lcd/0DWK-BF8Y-VVIF-2KY8,http://www.cidoc-crm.org/cidoc-crm/P2_has_type,http://www.cidoc-crm.org/cidoc-crm/E53_Place
https://round4.ng-london.org.uk/ex/lcd/7UBF-LM7Y-IVCJ-QXKG,http://www.cidoc-crm.org/cidoc-crm/P1_is_identified_by,https://rdf.ng-london.org.uk/raphael/resource/London
https://round4.ng-london.org.uk/ex/lcd/LWYS-ARNY-EAC3-4X1S,http://www.cidoc-crm.org/cidoc-crm/P2_has_type,http://www.cidoc-crm.org/cidoc-crm/E73_Information_Object
https://round4.ng-london.org.uk/ex/lcd/O4Z4-NB8L-L21J-0HV2,http://www.cidoc-crm.org/cidoc-crm/P2_has_type,http://vocab.getty.edu/page/aat/300403974
https://round4.ng-london.org.uk/ex/lcd/JB5V-AYGB-0U13-6FKV,http://www.cidoc-crm.org/cidoc-crm/P2_has_type,http://www.cidoc-crm.org/cidoc-crm/E74_Group
https://round4.ng-london.org.uk/ex/lcd/ZWUW-8ZB3-NHIM-LKD0,http://www.cidoc-crm.org/cidoc-crm/P53_has_former_or_current_location,https://round4.ng-london.org.uk/ex/lcd/RPD0-GTQC-2T35-B2C0
https://round4.ng-london.org.uk/ex/lcd/AQ0X-1FXQ-5LUI-SLW8,http://www.cidoc-crm.org/cidoc-crm/P2_has_type,http://vocab.getty.edu/page/aat/300403974
https://round4.ng-london.org.uk/ex/lcd/21HQ-XHO4-AH29-Y9AN,http://www.cidoc-crm.org/cidoc-crm/P70i_is_documented_in,https://round4.ng-london.org.uk/ex/lcd/QALB-LL7Q-CKV4-74NK
https://round4.ng-london.org.uk/ex/lcd/QUYV-HYLL-A16R-SA8R,http://www.cidoc-crm.org/cidoc-crm/P1_is_identified_by,https://rdf.ng-london.org.uk/raphael/resource/St._Petersburg
https://round4.ng-london.org.uk/ex/lcd/GTIF-1F4W-KY38-3F0C,http://www.cidoc-crm.org/cidoc-crm/P53_has_former_or_current_location,https://round4.ng-london.org.uk/ex/lcd/Z9LW-F4WB-ALAL-44FH
https://round4.ng-london.org.uk/ex/lcd/XEGK-KRZN-UUIV-LP1E,http://www.cidoc-crm.org/cidoc-crm/P1_is_identified_by,http://www.cdcnet.net/infocitta/cultura/archiviocomune.asp
https://round4.ng-london.org.uk/ex/lcd/7CL6-V7JN-SN2L-GN7H,http://www.cidoc-crm.org/cidoc-crm/P70i_is_documented_in,https://round4.ng-london.org.uk/ex/lcd/LWYS-ARNY-EAC3-4X1S
https://round4.ng-london.org.uk/ex/lcd/2BOW-3G9H-T0FH-VQPQ,http://www.cidoc-crm.org/cidoc-crm/P53_has_former_or_current_location,https://round4.ng-london.org.uk/ex/lcd/NSEY-S1YH-J05P-CNJ9
https://round4.ng-london.org.uk/ex/lcd/X0G5-Y6A7-YUD6-95CH,http://www.cidoc-crm.org/cidoc-crm/P3_has_note,
https://round4.ng-london.org.uk/ex/lcd/GRF3-243V-J4IL-W87R,http://www.cidoc-crm.org/cidoc-crm/P1_is_identified_by,https://rdf.ng-london.org.uk/raphael/resource/Florence
https://round4.ng-london.org.uk/ex/lcd/E8FJ-2YO0-E63P-JOAR,http://www.cidoc-crm.org/cidoc-crm/P2_has_type,http://www.cidoc-crm.org/cidoc-crm/E73_Information_Object
https://round4.ng-london.org.uk/ex/lcd/BLDW-NN83-K0PI-UB7H,http://www.cidoc-crm.org/cidoc-crm/P1_is_identified_by,http://www.vam.ac.uk/
https://round4.ng-london.org.uk/ex/lcd/MLC1-RAW4-0JNV-7EO7,http://www.cidoc-crm.org/cidoc-crm/P53_has_former_or_current_location,https://round4.ng-london.org.uk/ex/lcd/TX37-L7E8-HKNN-KZP1
https://round4.ng-london.org.uk/ex/lcd/JB5V-AYGB-0U13-6FKV,http://www.cidoc-crm.org/cidoc-crm/P70i_is_documented_in,https://round4.ng-london.org.uk/ex/lcd/QI93-WFU9-HRKW-I1W7
https://round4.ng-london.org.uk/ex/lcd/ZWUW-8ZB3-NHIM-LKD0,http://www.cidoc-crm.org/cidoc-crm/P3_has_note,
https://round4.ng-london.org.uk/ex/lcd/EWNV-25KZ-SLEZ-V50L,http://www.cidoc-crm.org/cidoc-crm/P1_is_identified_by,http://www.galleriaborghese.it/borghese/it/default.htm
https://round4.ng-london.org.uk/ex/lcd/GYZI-RK61-MQU0-3DQX,http://www.cidoc-crm.org/cidoc-crm/P2_has_type,http://www.cidoc-crm.org/cidoc-crm/E53_Place
https://round4.ng-london.org.uk/ex/lcd/T1FB-QJ1Y-R0OW-B5DL,http://www.cidoc-crm.org/cidoc-crm/P2_has_type,http://www.cidoc-crm.org/cidoc-crm/E53_Place
https://round4.ng-london.org.uk/ex/lcd/21HQ-XHO4-AH29-Y9AN,http://www.cidoc-crm.org/cidoc-crm/P3_has_note,
https://round4.ng-london.org.uk/ex/lcd/E0YS-A1CZ-Q5OE-I8JJ,http://www.cidoc-crm.org/cidoc-crm/P1_is_identified_by,https://rdf.ng-london.org.uk/raphael/resource/Rotterdam
https://round4.ng-london.org.uk/ex/lcd/81RP-GDFX-Q5FW-XKD2,http://www.cidoc-crm.org/cidoc-crm/P3_has_note,"Dulwich Picture Gallery, founded in 1811, is the oldest public art gallery in England. It houses a collection of more than 650 Old Master paintings."
https://round4.ng-london.org.uk/ex/lcd/BKBP-FQ6S-3W6D-CJYA,http://www.cidoc-crm.org/cidoc-crm/P2_has_type,http://vocab.getty.edu/page/aat/300403974
https://round4.ng-london.org.uk/ex/lcd/07UV-OKZ3-ZUST-I3BU,http://www.cidoc-crm.org/cidoc-crm/P2_has_type,http://www.cidoc-crm.org/cidoc-crm/E74_Group
https://round4.ng-london.org.uk/ex/lcd/M3QE-KCT8-38IO-FZCI,http://www.cidoc-crm.org/cidoc-crm/P53_has_former_or_current_location,https://round4.ng-london.org.uk/ex/lcd/XSMB-QMTA-7AHQ-VV38
https://round4.ng-london.org.uk/ex/lcd/J17E-1LKU-4ZVU-4U1I,http://www.cidoc-crm.org/cidoc-crm/P2_has_type,http://vocab.getty.edu/page/aat/300403974
https://round4.ng-london.org.uk/ex/lcd/R81K-77GM-YCUZ-5P2L,http://www.cidoc-crm.org/cidoc-crm/P2_has_type,http://vocab.getty.edu/page/aat/300025231
https://round4.ng-london.org.uk/ex/lcd/ANK7-A20O-D7BR-E6DM,http://www.cidoc-crm.org/cidoc-crm/P70i_is_documented_in,https://round4.ng-london.org.uk/ex/lcd/TBSW-8FQL-W0G0-3NCY
https://round4.ng-london.org.uk/ex/lcd/X8AQ-CA0T-I03P-GOIR,http://www.cidoc-crm.org/cidoc-crm/P2_has_type,http://www.cidoc-crm.org/cidoc-crm/E73_Information_Object
https://round4.ng-london.org.uk/ex/lcd/2NU2-XRRR-EY1T-03PY,http://www.cidoc-crm.org/cidoc-crm/P2_has_type,http://www.cidoc-crm.org/cidoc-crm/E74_Group
https://round4.ng-london.org.uk/ex/lcd/I2R3-GA9B-5RXN-P679,http://www.cidoc-crm.org/cidoc-crm/P2_has_type,http://www.cidoc-crm.org/cidoc-crm/E53_Place
https://round4.ng-london.org.uk/ex/lcd/C0S3-0A07-XBAI-U8YL,http://www.cidoc-crm.org/cidoc-crm/P2_has_type,http://www.cidoc-crm.org/cidoc-crm/E53_Place
https://round4.ng-london.org.uk/ex/lcd/A136-OHNR-U3DP-VCHE,http://www.cidoc-crm.org/cidoc-crm/P2_has_type,http://vocab.getty.edu/page/aat/300403974
https://round4.ng-london.org.uk/ex/lcd/0ES6-04W4-1QZO-STY1,http://www.cidoc-crm.org/cidoc-crm/P1_is_identified_by,https://rdf.ng-london.org.uk/raphael/resource/Rome
https://round4.ng-london.org.uk/ex/lcd/LWYS-ARNY-EAC3-4X1S,http://www.cidoc-crm.org/cidoc-crm/P1_is_identified_by,http://www.virtualmuseum.info/collections/cHome_fineart.asp
https://round4.ng-london.org.uk/ex/lcd/4DDJ-VLW8-9BHU-REBN,http://www.cidoc-crm.org/cidoc-crm/P3_has_note,
https://round4.ng-london.org.uk/ex/lcd/AHI1-KCVV-9WQZ-D144,http://www.cidoc-crm.org/cidoc-crm/P2_has_type,http://vocab.getty.edu/page/aat/300403974
https://round4.ng-london.org.uk/ex/lcd/X0G5-Y6A7-YUD6-95CH,http://www.cidoc-crm.org/cidoc-crm/P2_has_type,http://vocab.getty.edu/page/aat/300025231
https://round4.ng-london.org.uk/ex/lcd/Z9LW-F4WB-ALAL-44FH,http://www.cidoc-crm.org/cidoc-crm/P2_has_type,http://www.cidoc-crm.org/cidoc-crm/E53_Place
https://round4.ng-london.org.uk/ex/lcd/URSD-ZU99-ZPRF-THE5,http://www.cidoc-crm.org/cidoc-crm/P1_is_identified_by,http://www.nationalgallery.org.uk/
https://round4.ng-london.org.uk/ex/lcd/R0PY-VMIS-LYO4-EQTM,http://www.cidoc-crm.org/cidoc-crm/P1_is_identified_by,http://www.boijmans.nl/nl/
https://round4.ng-london.org.uk/ex/lcd/HHC5-ZNYB-OWCS-3S4B,http://www.cidoc-crm.org/cidoc-crm/P2_has_type,http://vocab.getty.edu/page/aat/300403974
https://round4.ng-london.org.uk/ex/lcd/GTIF-1F4W-KY38-3F0C,http://www.cidoc-crm.org/cidoc-crm/P2_has_type,http://vocab.getty.edu/page/aat/300025231
https://round4.ng-london.org.uk/ex/lcd/J4HZ-VIVR-PJCB-XPNH,http://www.cidoc-crm.org/cidoc-crm/P2_has_type,http://www.cidoc-crm.org/cidoc-crm/E73_Information_Object
https://round4.ng-london.org.uk/ex/lcd/X4F3-VDOU-9FDR-B9SU,http://www.cidoc-crm.org/cidoc-crm/P2_has_type,http://www.cidoc-crm.org/cidoc-crm/E73_Information_Object
https://round4.ng-london.org.uk/ex/lcd/BQTR-UMB2-HOSN-31IE,http://www.cidoc-crm.org/cidoc-crm/P70i_is_documented_in,https://round4.ng-london.org.uk/ex/lcd/BAYK-9L29-P8O9-LXO9
https://round4.ng-london.org.uk/ex/lcd/SEGK-V20V-BNNL-W2D7,http://www.cidoc-crm.org/cidoc-crm/P70i_is_documented_in,https://round4.ng-london.org.uk/ex/lcd/5KMP-7361-YW86-Q6Q7
https://round4.ng-london.org.uk/ex/lcd/JB5V-AYGB-0U13-6FKV,http://www.cidoc-crm.org/cidoc-crm/P53_has_former_or_current_location,https://round4.ng-london.org.uk/ex/lcd/DOLH-9JLD-8PLB-0A7X
https://round4.ng-london.org.uk/ex/lcd/UKR7-9ZCZ-70XK-YZ4A,http://www.cidoc-crm.org/cidoc-crm/P3_has_note,
https://round4.ng-london.org.uk/ex/lcd/UKR7-9ZCZ-70XK-YZ4A,http://www.cidoc-crm.org/cidoc-crm/P2_has_type,http://vocab.getty.edu/page/aat/300403974
https://round4.ng-london.org.uk/ex/lcd/MY6F-ZKC0-BXZL-5WWJ,http://www.cidoc-crm.org/cidoc-crm/P2_has_type,http://vocab.getty.edu/page/aat/300025231
https://round4.ng-london.org.uk/ex/lcd/XJPU-MORD-SAUN-B7E8,http://www.cidoc-crm.org/cidoc-crm/P2_has_type,http://www.cidoc-crm.org/cidoc-crm/E74_Group
https://round4.ng-london.org.uk/ex/lcd/GO4M-987M-8DLZ-N8SC,http://www.cidoc-crm.org/cidoc-crm/P70i_is_documented_in,https://round4.ng-london.org.uk/ex/lcd/X8AQ-CA0T-I03P-GOIR
https://round4.ng-london.org.uk/ex/lcd/KJQO-BEJ5-S28W-8OXD,http://www.cidoc-crm.org/cidoc-crm/P53_has_former_or_current_location,https://round4.ng-london.org.uk/ex/lcd/8O9I-YJF8-RSDX-1IGH
https://round4.ng-london.org.uk/ex/lcd/AHI1-KCVV-9WQZ-D144,http://www.cidoc-crm.org/cidoc-crm/P53_has_former_or_current_location,https://round4.ng-london.org.uk/ex/lcd/NU8A-I6P6-D0LX-KRXT
https://round4.ng-london.org.uk/ex/lcd/DXN5-9KBX-6JWF-DXCY,http://www.cidoc-crm.org/cidoc-crm/P2_has_type,http://www.cidoc-crm.org/cidoc-crm/E73_Information_Object
https://round4.ng-london.org.uk/ex/lcd/81RP-GDFX-Q5FW-XKD2,http://www.cidoc-crm.org/cidoc-crm/P2_has_type,http://vocab.getty.edu/page/aat/300025231
https://round4.ng-london.org.uk/ex/lcd/X0G5-Y6A7-YUD6-95CH,http://www.cidoc-crm.org/cidoc-crm/P53_has_former_or_current_location,https://round4.ng-london.org.uk/ex/lcd/6GKP-7GVE-EPRI-AG5T
https://round4.ng-london.org.uk/ex/lcd/KJQO-BEJ5-S28W-8OXD,http://www.cidoc-crm.org/cidoc-crm/P2_has_type,http://vocab.getty.edu/page/aat/300025231
https://round4.ng-london.org.uk/ex/lcd/S5O2-TAP9-ZDZF-XF8F,http://www.cidoc-crm.org/cidoc-crm/P1_is_identified_by,https://rdf.ng-london.org.uk/raphael/resource/Boston
https://round4.ng-london.org.uk/ex/lcd/LRSW-41UL-BY01-A9OT,http://www.cidoc-crm.org/cidoc-crm/P2_has_type,http://www.cidoc-crm.org/cidoc-crm/E73_Information_Object
https://round4.ng-london.org.uk/ex/lcd/4DDJ-VLW8-9BHU-REBN,http://www.cidoc-crm.org/cidoc-crm/P53_has_former_or_current_location,https://round4.ng-london.org.uk/ex/lcd/ME5F-NPNJ-PWCZ-6XI9
https://round4.ng-london.org.uk/ex/lcd/E0YS-A1CZ-Q5OE-I8JJ,http://www.cidoc-crm.org/cidoc-crm/P2_has_type,http://www.cidoc-crm.org/cidoc-crm/E53_Place
https://round4.ng-london.org.uk/ex/lcd/OXM9-HTU8-Y6XV-AN4U,http://www.cidoc-crm.org/cidoc-crm/P1_is_identified_by,https://rdf.ng-london.org.uk/raphael/resource/Vatican_City
https://round4.ng-london.org.uk/ex/lcd/SEGK-V20V-BNNL-W2D7,http://www.cidoc-crm.org/cidoc-crm/P2_has_type,http://www.cidoc-crm.org/cidoc-crm/E74_Group
https://round4.ng-london.org.uk/ex/lcd/ANK7-A20O-D7BR-E6DM,http://www.cidoc-crm.org/cidoc-crm/P3_has_note,
https://round4.ng-london.org.uk/ex/lcd/OSBH-D4LH-D5K0-F9SD,http://www.cidoc-crm.org/cidoc-crm/P1_is_identified_by,http://www.sothebys.com/picture-library/index.html
https://round4.ng-london.org.uk/ex/lcd/31FQ-5IW7-TEH8-C0N2,http://www.cidoc-crm.org/cidoc-crm/P70i_is_documented_in,https://round4.ng-london.org.uk/ex/lcd/OSBH-D4LH-D5K0-F9SD
https://round4.ng-london.org.uk/ex/lcd/2EOY-2GMZ-JQ5M-KAMI,http://www.cidoc-crm.org/cidoc-crm/P3_has_note,
https://round4.ng-london.org.uk/ex/lcd/8WPF-HVV9-6GGQ-O6LG,http://www.cidoc-crm.org/cidoc-crm/P3_has_note,
https://round4.ng-london.org.uk/ex/lcd/94MW-WQ5W-DQ5D-HLXS,http://www.cidoc-crm.org/cidoc-crm/P70i_is_documented_in,https://round4.ng-london.org.uk/ex/lcd/NI4U-HLI4-SJX7-RP9P
https://round4.ng-london.org.uk/ex/lcd/ENJO-9U8C-W8GE-4EPN,http://www.cidoc-crm.org/cidoc-crm/P2_has_type,http://www.cidoc-crm.org/cidoc-crm/E53_Place
https://round4.ng-london.org.uk/ex/lcd/LRSW-41UL-BY01-A9OT,http://www.cidoc-crm.org/cidoc-crm/P1_is_identified_by,http://www.bncf.firenze.sbn.it/
https://round4.ng-london.org.uk/ex/lcd/SKO6-CVEI-SEDO-GQ4M,http://www.cidoc-crm.org/cidoc-crm/P2_has_type,http://vocab.getty.edu/page/aat/300025231
https://round4.ng-london.org.uk/ex/lcd/RZA8-MPV6-LZ1E-1YTP,http://www.cidoc-crm.org/cidoc-crm/P1_is_identified_by,http://mv.vatican.va/3_EN/pages/MV_Home.html
https://round4.ng-london.org.uk/ex/lcd/X4F3-VDOU-9FDR-B9SU,http://www.cidoc-crm.org/cidoc-crm/P1_is_identified_by,http://www.archiviodistato.firenze.it/nuovosito/
https://round4.ng-london.org.uk/ex/lcd/R81K-77GM-YCUZ-5P2L,http://www.cidoc-crm.org/cidoc-crm/P2_has_type,http://www.cidoc-crm.org/cidoc-crm/E74_Group
https://round4.ng-london.org.uk/ex/lcd/X0G5-Y6A7-YUD6-95CH,http://www.cidoc-crm.org/cidoc-crm/P2_has_type,http://vocab.getty.edu/page/aat/300403974
https://round4.ng-london.org.uk/ex/lcd/KDUT-YAIM-RJPJ-RC1L,http://www.cidoc-crm.org/cidoc-crm/P3_has_note,
https://round4.ng-london.org.uk/ex/lcd/DOLH-9JLD-8PLB-0A7X,http://www.cidoc-crm.org/cidoc-crm/P1_is_identified_by,https://rdf.ng-london.org.uk/raphael/resource/Brescia
https://round4.ng-london.org.uk/ex/lcd/S5D9-SZGT-QPJA-FK4D,http://www.cidoc-crm.org/cidoc-crm/P2_has_type,http://www.cidoc-crm.org/cidoc-crm/E73_Information_Object
https://round4.ng-london.org.uk/ex/lcd/8O9I-YJF8-RSDX-1IGH,http://www.cidoc-crm.org/cidoc-crm/P1_is_identified_by,https://rdf.ng-london.org.uk/raphael/resource/Frankfurt_a._M.
https://round4.ng-london.org.uk/ex/lcd/ZWUW-8ZB3-NHIM-LKD0,http://www.cidoc-crm.org/cidoc-crm/P2_has_type,http://vocab.getty.edu/page/aat/300403974
https://round4.ng-london.org.uk/ex/lcd/U4ZN-E5Q4-G3NW-GIOH,http://www.cidoc-crm.org/cidoc-crm/P2_has_type,http://www.cidoc-crm.org/cidoc-crm/E73_Information_Object
https://round4.ng-london.org.uk/ex/lcd/3176-GFO2-HY8A-LPSL,http://www.cidoc-crm.org/cidoc-crm/P1_is_identified_by,http://www.khm.at/de/kunsthistorisches-museum
https://round4.ng-london.org.uk/ex/lcd/L4P8-ZS75-WB6T-D1NZ,http://www.cidoc-crm.org/cidoc-crm/P1_is_identified_by,http://www.royalcollection.org.uk/default.asp?action=article&ID=34
https://round4.ng-london.org.uk/ex/lcd/U4ZN-E5Q4-G3NW-GIOH,http://www.cidoc-crm.org/cidoc-crm/P1_is_identified_by,http://www.metmuseum.org/
https://round4.ng-london.org.uk/ex/lcd/64LB-TAVU-XWF2-4SRV,http://www.cidoc-crm.org/cidoc-crm/P1_is_identified_by,https://rdf.ng-london.org.uk/raphael/resource/Brighton
https://round4.ng-london.org.uk/ex/lcd/DJS9-JVQO-NZXE-611G,http://www.cidoc-crm.org/cidoc-crm/P2_has_type,http://www.cidoc-crm.org/cidoc-crm/E73_Information_Object
https://round4.ng-london.org.uk/ex/lcd/ANK7-A20O-D7BR-E6DM,http://www.cidoc-crm.org/cidoc-crm/P2_has_type,http://www.cidoc-crm.org/cidoc-crm/E74_Group
https://round4.ng-london.org.uk/ex/lcd/7CL6-V7JN-SN2L-GN7H,http://www.cidoc-crm.org/cidoc-crm/P2_has_type,http://vocab.getty.edu/page/aat/300403974
https://round4.ng-london.org.uk/ex/lcd/21HQ-XHO4-AH29-Y9AN,http://www.cidoc-crm.org/cidoc-crm/P2_has_type,http://vocab.getty.edu/page/aat/300403974
https://round4.ng-london.org.uk/ex/lcd/UKR7-9ZCZ-70XK-YZ4A,http://www.cidoc-crm.org/cidoc-crm/P70i_is_documented_in,https://round4.ng-london.org.uk/ex/lcd/Z8SL-BLJ9-VX39-H3CH
https://round4.ng-london.org.uk/ex/lcd/DXN5-9KBX-6JWF-DXCY,http://www.cidoc-crm.org/cidoc-crm/P1_is_identified_by,http://www.accademiacarrara.bergamo.it/
https://round4.ng-london.org.uk/ex/lcd/XHMW-W1GB-N895-WTHB,http://www.cidoc-crm.org/cidoc-crm/P2_has_type,http://www.cidoc-crm.org/cidoc-crm/E74_Group
https://round4.ng-london.org.uk/ex/lcd/V5FH-WGU6-176U-T0JX,http://www.cidoc-crm.org/cidoc-crm/P53_has_former_or_current_location,https://round4.ng-london.org.uk/ex/lcd/E1XS-OU71-W212-07Q2
https://round4.ng-london.org.uk/ex/lcd/X8AQ-CA0T-I03P-GOIR,http://www.cidoc-crm.org/cidoc-crm/P1_is_identified_by,http://www.nortonsimon.org/
https://round4.ng-london.org.uk/ex/lcd/23M6-O7OB-OAMX-NMEP,http://www.cidoc-crm.org/cidoc-crm/P3_has_note,
https://round4.ng-london.org.uk/ex/lcd/M3QE-KCT8-38IO-FZCI,http://www.cidoc-crm.org/cidoc-crm/P2_has_type,http://vocab.getty.edu/page/aat/300403974
https://round4.ng-london.org.uk/ex/lcd/A136-OHNR-U3DP-VCHE,http://www.cidoc-crm.org/cidoc-crm/P3_has_note,"Das Kunsthistorische Museum in Wien zählt zu den größten und bedeutendsten Museen der Welt. In den reichen Sammlungen befinden sich Objekte aus sieben Jahrtausenden, von der Zeit des Alten Ägypten bis zum Ende des 18. Jahrhunderts. Besondere Schwerpunkte liegen in der Kunst der Renaissance und des Barock."
https://round4.ng-london.org.uk/ex/lcd/0081-N7O2-AEGW-G1SN,http://www.cidoc-crm.org/cidoc-crm/P1_is_identified_by,http://www.skd-dresden.de/en/museen/alte_meister.html
https://round4.ng-london.org.uk/ex/lcd/TGA4-2UVH-REZS-5ENI,http://www.cidoc-crm.org/cidoc-crm/P1_is_identified_by,https://rdf.ng-london.org.uk/raphael/resource/Chantilly
https://round4.ng-london.org.uk/ex/lcd/JB5V-AYGB-0U13-6FKV,http://www.cidoc-crm.org/cidoc-crm/P3_has_note,
https://round4.ng-london.org.uk/ex/lcd/A136-OHNR-U3DP-VCHE,http://www.cidoc-crm.org/cidoc-crm/P70i_is_documented_in,https://round4.ng-london.org.uk/ex/lcd/3176-GFO2-HY8A-LPSL
https://round4.ng-london.org.uk/ex/lcd/A161-GN92-W8S0-P8YQ,http://www.cidoc-crm.org/cidoc-crm/P1_is_identified_by,http://www.archivi.beniculturali.it/
https://round4.ng-london.org.uk/ex/lcd/NI4U-HLI4-SJX7-RP9P,http://www.cidoc-crm.org/cidoc-crm/P1_is_identified_by,http://www.pba-lille.fr/
https://round4.ng-london.org.uk/ex/lcd/PSE6-0HB8-JW4E-Z4V6,http://www.cidoc-crm.org/cidoc-crm/P2_has_type,http://vocab.getty.edu/page/aat/300403974
https://round4.ng-london.org.uk/ex/lcd/2UEH-TI0O-0YSB-W9V5,http://www.cidoc-crm.org/cidoc-crm/P2_has_type,http://www.cidoc-crm.org/cidoc-crm/E74_Group
https://round4.ng-london.org.uk/ex/lcd/GTIF-1F4W-KY38-3F0C,http://www.cidoc-crm.org/cidoc-crm/P2_has_type,http://www.cidoc-crm.org/cidoc-crm/E74_Group
https://round4.ng-london.org.uk/ex/lcd/2BOW-3G9H-T0FH-VQPQ,http://www.cidoc-crm.org/cidoc-crm/P2_has_type,http://vocab.getty.edu/page/aat/300025231
https://round4.ng-london.org.uk/ex/lcd/S5O2-TAP9-ZDZF-XF8F,http://www.cidoc-crm.org/cidoc-crm/P2_has_type,http://www.cidoc-crm.org/cidoc-crm/E53_Place
https://round4.ng-london.org.uk/ex/lcd/8DDG-KEV6-1DSE-AREK,http://www.cidoc-crm.org/cidoc-crm/P1_is_identified_by,https://rdf.ng-london.org.uk/raphael/resource/Rome
https://round4.ng-london.org.uk/ex/lcd/ZWUW-8ZB3-NHIM-LKD0,http://www.cidoc-crm.org/cidoc-crm/P70i_is_documented_in,https://round4.ng-london.org.uk/ex/lcd/LMSZ-97X0-HKDS-2BUS
https://round4.ng-london.org.uk/ex/lcd/4DDJ-VLW8-9BHU-REBN,http://www.cidoc-crm.org/cidoc-crm/P2_has_type,http://vocab.getty.edu/page/aat/300403974
https://round4.ng-london.org.uk/ex/lcd/V5FH-WGU6-176U-T0JX,http://www.cidoc-crm.org/cidoc-crm/P2_has_type,http://vocab.getty.edu/page/aat/300025231
https://round4.ng-london.org.uk/ex/lcd/MY6F-ZKC0-BXZL-5WWJ,http://www.cidoc-crm.org/cidoc-crm/P2_has_type,http://www.cidoc-crm.org/cidoc-crm/E74_Group
http://vocab.getty.edu/page/aat/300403974,http://www.cidoc-crm.org/cidoc-crm/P1_is_identified_by,contributors
https://round4.ng-london.org.uk/ex/lcd/LZKA-RNOA-6SH4-AGR9,http://www.cidoc-crm.org/cidoc-crm/P1_is_identified_by,http://www.smb.spk-berlin.de/smb/standorte/index.php?lang=en&p=2&objID=35&n=5
https://round4.ng-london.org.uk/ex/lcd/0T8A-OSC9-9TIJ-31NI,http://www.cidoc-crm.org/cidoc-crm/P2_has_type,http://vocab.getty.edu/page/aat/300403974
https://round4.ng-london.org.uk/ex/lcd/ZU0G-O4LB-0227-6DZM,http://www.cidoc-crm.org/cidoc-crm/P1_is_identified_by,http://www.c2rmf.fr/
https://round4.ng-london.org.uk/ex/lcd/H37R-4GSG-WFQ6-WLBJ,http://www.cidoc-crm.org/cidoc-crm/P2_has_type,http://www.cidoc-crm.org/cidoc-crm/E73_Information_Object
https://round4.ng-london.org.uk/ex/lcd/ENJO-9U8C-W8GE-4EPN,http://www.cidoc-crm.org/cidoc-crm/P1_is_identified_by,https://rdf.ng-london.org.uk/raphael/resource/Washington
https://round4.ng-london.org.uk/ex/lcd/XHMW-W1GB-N895-WTHB,http://www.cidoc-crm.org/cidoc-crm/P70i_is_documented_in,https://round4.ng-london.org.uk/ex/lcd/A161-GN92-W8S0-P8YQ
https://round4.ng-london.org.uk/ex/lcd/T1FB-QJ1Y-R0OW-B5DL,http://www.cidoc-crm.org/cidoc-crm/P1_is_identified_by,https://rdf.ng-london.org.uk/raphael/resource/Florence
https://round4.ng-london.org.uk/ex/lcd/WPZ2-EEBY-GX4U-KRRW,http://www.cidoc-crm.org/cidoc-crm/P1_is_identified_by,https://rdf.ng-london.org.uk/raphael/resource/New_York
https://round4.ng-london.org.uk/ex/lcd/MY6F-ZKC0-BXZL-5WWJ,http://www.cidoc-crm.org/cidoc-crm/P70i_is_documented_in,https://round4.ng-london.org.uk/ex/lcd/8N68-146X-VKRV-QCHU
https://round4.ng-london.org.uk/ex/lcd/BLDW-NN83-K0PI-UB7H,http://www.cidoc-crm.org/cidoc-crm/P2_has_type,http://www.cidoc-crm.org/cidoc-crm/E73_Information_Object
https://round4.ng-london.org.uk/ex/lcd/UC5D-PXLK-NRS1-UU4A,http://www.cidoc-crm.org/cidoc-crm/P2_has_type,http://vocab.getty.edu/page/aat/300403974
https://round4.ng-london.org.uk/ex/lcd/8HTP-TC8A-NLPV-KETY,http://www.cidoc-crm.org/cidoc-crm/P2_has_type,http://vocab.getty.edu/page/aat/300403974
https://round4.ng-london.org.uk/ex/lcd/PSE6-0HB8-JW4E-Z4V6,http://www.cidoc-crm.org/cidoc-crm/P53_has_former_or_current_location,https://round4.ng-london.org.uk/ex/lcd/KU07-XTXC-2BE2-6CO9
https://round4.ng-london.org.uk/ex/lcd/KJQO-BEJ5-S28W-8OXD,http://www.cidoc-crm.org/cidoc-crm/P2_has_type,http://www.cidoc-crm.org/cidoc-crm/E74_Group
https://round4.ng-london.org.uk/ex/lcd/YC94-RTRI-XWVC-4K4V,http://www.cidoc-crm.org/cidoc-crm/P1_is_identified_by,https://rdf.ng-london.org.uk/raphael/resource/London
https://round4.ng-london.org.uk/ex/lcd/3176-GFO2-HY8A-LPSL,http://www.cidoc-crm.org/cidoc-crm/P2_has_type,http://www.cidoc-crm.org/cidoc-crm/E73_Information_Object
https://round4.ng-london.org.uk/ex/lcd/VVUH-8B7Q-06PS-REQE,http://www.cidoc-crm.org/cidoc-crm/P70i_is_documented_in,https://round4.ng-london.org.uk/ex/lcd/C3AB-HI16-UMXE-SS0I
https://round4.ng-london.org.uk/ex/lcd/ELDA-XTU3-0W45-LLAX,http://www.cidoc-crm.org/cidoc-crm/P2_has_type,http://www.cidoc-crm.org/cidoc-crm/E74_Group
https://round4.ng-london.org.uk/ex/lcd/QT93-ZGFQ-YF4K-3NZS,http://www.cidoc-crm.org/cidoc-crm/P2_has_type,http://www.cidoc-crm.org/cidoc-crm/E74_Group
https://round4.ng-london.org.uk/ex/lcd/7SNB-ZWAH-ZJXF-SMCF,http://www.cidoc-crm.org/cidoc-crm/P3_has_note,
https://round4.ng-london.org.uk/ex/lcd/QT93-ZGFQ-YF4K-3NZS,http://www.cidoc-crm.org/cidoc-crm/P53_has_former_or_current_location,https://round4.ng-london.org.uk/ex/lcd/T1FB-QJ1Y-R0OW-B5DL
https://round4.ng-london.org.uk/ex/lcd/M3QE-KCT8-38IO-FZCI,http://www.cidoc-crm.org/cidoc-crm/P3_has_note,"The Gemäldegalerie possesses one of the world's finest collections of European art from the 13th to 18th century. After the collection was founded in 1830, it was systematically built up and perfected. The exhibition includes masterpieces by artists from every age of art history such as van Eyck, Bruegel, Dürer, Raphael, Tizian, Caravaggio, Rubens, Vermeer and Rembrandt."
https://round4.ng-london.org.uk/ex/lcd/X111-FV3M-ZA8L-WZBK,http://www.cidoc-crm.org/cidoc-crm/P1_is_identified_by,http://www.oliveriana.pu.it/
https://round4.ng-london.org.uk/ex/lcd/09R2-IJ57-8PE3-YW1Z,http://www.cidoc-crm.org/cidoc-crm/P1_is_identified_by,http://www.brera.beniculturali.it/HomePage
https://round4.ng-london.org.uk/ex/lcd/P7IZ-MFVV-4A3M-CSVQ,http://www.cidoc-crm.org/cidoc-crm/P1_is_identified_by,https://rdf.ng-london.org.uk/raphael/resource/Rome
https://round4.ng-london.org.uk/ex/lcd/FDE3-WJWT-BXX8-GKXX,http://www.cidoc-crm.org/cidoc-crm/P2_has_type,http://www.cidoc-crm.org/cidoc-crm/E74_Group
https://round4.ng-london.org.uk/ex/lcd/GO4M-987M-8DLZ-N8SC,http://www.cidoc-crm.org/cidoc-crm/P2_has_type,http://vocab.getty.edu/page/aat/300025231
https://round4.ng-london.org.uk/ex/lcd/8HTP-TC8A-NLPV-KETY,http://www.cidoc-crm.org/cidoc-crm/P3_has_note,"The world renown of the Gemäldegalerie Alte Meister (Old Masters Picture Gallery) in Dresden is founded in its outstanding collection of high-ranking masterpieces. Among the primary focuses of its holdings are Italian painting of the Renaissance - as exemplified by major works of Raphael, Giorgione and Titian - as well as works in the Mannerist and Baroque styles. Of equal significance is the inventory of Dutch and Flemish paintings of the seventeenth century. Not only are Rembrandt and his followers represented with a large number of works of superb quality, but the collection also comprises paintings by Vermeer and Ruysdael and the great Flemish artists Rubens, Jordaens and Van Dyck."
https://round4.ng-london.org.uk/ex/lcd/LHVL-7THF-DRVN-EWZV,http://www.cidoc-crm.org/cidoc-crm/P2_has_type,http://www.cidoc-crm.org/cidoc-crm/E53_Place
https://round4.ng-london.org.uk/ex/lcd/6XHG-R1OR-PC1W-P7RE,http://www.cidoc-crm.org/cidoc-crm/P1_is_identified_by,http://www.ncartmuseum.org/
https://round4.ng-london.org.uk/ex/lcd/RPD0-GTQC-2T35-B2C0,http://www.cidoc-crm.org/cidoc-crm/P2_has_type,http://www.cidoc-crm.org/cidoc-crm/E53_Place
https://round4.ng-london.org.uk/ex/lcd/8WPF-HVV9-6GGQ-O6LG,http://www.cidoc-crm.org/cidoc-crm/P2_has_type,http://vocab.getty.edu/page/aat/300403974
https://round4.ng-london.org.uk/ex/lcd/YP68-CCBF-R1AF-W5NU,http://www.cidoc-crm.org/cidoc-crm/P1_is_identified_by,http://www.archiviodistatoroma.beniculturali.it/
https://round4.ng-london.org.uk/ex/lcd/PSE6-0HB8-JW4E-Z4V6,http://www.cidoc-crm.org/cidoc-crm/P3_has_note,"The ‘Centre de recherche et de restauration des musées de France’, abbreviated as ‘C2RMF’ (Centre of Research and Conservation of Museums in France), is located in Paris and has been created through the fusion of the ‘Laboratoire de recherche des musées de France’ (Laboratory of Research of Museums in France), founded in 1931, and the ‘Service de restauration des musées de France’ (Service of Conservation of Museums in France). It applies the policy concerning research, preventive conservation and restoration determined by the Governing board of the Museums of France . The Centre's archives comprise today 40.000 laboratory reports and 34.000 restoration dossiers, concerning more than 60.000 works of art in museums in France."
https://round4.ng-london.org.uk/ex/lcd/XJPU-MORD-SAUN-B7E8,http://www.cidoc-crm.org/cidoc-crm/P3_has_note,
https://round4.ng-london.org.uk/ex/lcd/2NU2-XRRR-EY1T-03PY,http://www.cidoc-crm.org/cidoc-crm/P2_has_type,http://vocab.getty.edu/page/aat/300025231
https://round4.ng-london.org.uk/ex/lcd/KDUT-YAIM-RJPJ-RC1L,http://www.cidoc-crm.org/cidoc-crm/P2_has_type,http://vocab.getty.edu/page/aat/300403974
https://round4.ng-london.org.uk/ex/lcd/HHC5-ZNYB-OWCS-3S4B,http://www.cidoc-crm.org/cidoc-crm/P3_has_note,
https://round4.ng-london.org.uk/ex/lcd/BQTR-UMB2-HOSN-31IE,http://www.cidoc-crm.org/cidoc-crm/P53_has_former_or_current_location,https://round4.ng-london.org.uk/ex/lcd/I2R3-GA9B-5RXN-P679
https://round4.ng-london.org.uk/ex/lcd/C3AB-HI16-UMXE-SS0I,http://www.cidoc-crm.org/cidoc-crm/P1_is_identified_by,http://www.szepmuveszeti.hu/
https://round4.ng-london.org.uk/ex/lcd/ZU0G-O4LB-0227-6DZM,http://www.cidoc-crm.org/cidoc-crm/P2_has_type,http://www.cidoc-crm.org/cidoc-crm/E73_Information_Object
https://round4.ng-london.org.uk/ex/lcd/0081-N7O2-AEGW-G1SN,http://www.cidoc-crm.org/cidoc-crm/P2_has_type,http://www.cidoc-crm.org/cidoc-crm/E73_Information_Object
https://round4.ng-london.org.uk/ex/lcd/5TBU-MSOQ-NOFA-TY58,http://www.cidoc-crm.org/cidoc-crm/P1_is_identified_by,http://www.gallerianazionaleumbria.it/
https://round4.ng-london.org.uk/ex/lcd/IO98-R91T-UK6C-PLCP,http://www.cidoc-crm.org/cidoc-crm/P2_has_type,http://www.cidoc-crm.org/cidoc-crm/E53_Place
https://round4.ng-london.org.uk/ex/lcd/AQ0X-1FXQ-5LUI-SLW8,http://www.cidoc-crm.org/cidoc-crm/P53_has_former_or_current_location,https://round4.ng-london.org.uk/ex/lcd/OKA8-NWDI-J7GS-SCDR
https://round4.ng-london.org.uk/ex/lcd/2BOW-3G9H-T0FH-VQPQ,http://www.cidoc-crm.org/cidoc-crm/P2_has_type,http://www.cidoc-crm.org/cidoc-crm/E74_Group
https://round4.ng-london.org.uk/ex/lcd/5KMP-7361-YW86-Q6Q7,http://www.cidoc-crm.org/cidoc-crm/P1_is_identified_by,http://www.wiltonhouse.com/
https://round4.ng-london.org.uk/ex/lcd/2EOY-2GMZ-JQ5M-KAMI,http://www.cidoc-crm.org/cidoc-crm/P53_has_former_or_current_location,https://round4.ng-london.org.uk/ex/lcd/UDRR-BPIW-LMRB-1WP4
https://round4.ng-london.org.uk/ex/lcd/23M6-O7OB-OAMX-NMEP,http://www.cidoc-crm.org/cidoc-crm/P2_has_type,http://vocab.getty.edu/page/aat/300403974
https://round4.ng-london.org.uk/ex/lcd/8WPF-HVV9-6GGQ-O6LG,http://www.cidoc-crm.org/cidoc-crm/P53_has_former_or_current_location,https://round4.ng-london.org.uk/ex/lcd/UAIJ-DVW7-DPRZ-J128
https://round4.ng-london.org.uk/ex/lcd/JB5V-AYGB-0U13-6FKV,http://www.cidoc-crm.org/cidoc-crm/P2_has_type,http://vocab.getty.edu/page/aat/300403974
https://round4.ng-london.org.uk/ex/lcd/HHC5-ZNYB-OWCS-3S4B,http://www.cidoc-crm.org/cidoc-crm/P70i_is_documented_in,https://round4.ng-london.org.uk/ex/lcd/C1D8-ERJ0-1MFR-SOF8
https://round4.ng-london.org.uk/ex/lcd/SEGK-V20V-BNNL-W2D7,http://www.cidoc-crm.org/cidoc-crm/P3_has_note,
https://round4.ng-london.org.uk/ex/lcd/8N68-146X-VKRV-QCHU,http://www.cidoc-crm.org/cidoc-crm/P2_has_type,http://www.cidoc-crm.org/cidoc-crm/E73_Information_Object
https://round4.ng-london.org.uk/ex/lcd/BAYK-9L29-P8O9-LXO9,http://www.cidoc-crm.org/cidoc-crm/P2_has_type,http://www.cidoc-crm.org/cidoc-crm/E73_Information_Object
https://round4.ng-london.org.uk/ex/lcd/NVIB-OTC4-3L1Y-WEGI,http://www.cidoc-crm.org/cidoc-crm/P2_has_type,http://vocab.getty.edu/page/aat/300025231
https://round4.ng-london.org.uk/ex/lcd/FDE3-WJWT-BXX8-GKXX,http://www.cidoc-crm.org/cidoc-crm/P70i_is_documented_in,https://round4.ng-london.org.uk/ex/lcd/RZA8-MPV6-LZ1E-1YTP
https://round4.ng-london.org.uk/ex/lcd/C1D8-ERJ0-1MFR-SOF8,http://www.cidoc-crm.org/cidoc-crm/P1_is_identified_by,http://www.chatsworth.org/
https://round4.ng-london.org.uk/ex/lcd/EWNV-25KZ-SLEZ-V50L,http://www.cidoc-crm.org/cidoc-crm/P2_has_type,http://www.cidoc-crm.org/cidoc-crm/E73_Information_Object
https://round4.ng-london.org.uk/ex/lcd/R81K-77GM-YCUZ-5P2L,http://www.cidoc-crm.org/cidoc-crm/P3_has_note,
https://round4.ng-london.org.uk/ex/lcd/9LV0-JZ5R-UMM0-PRYA,http://www.cidoc-crm.org/cidoc-crm/P70i_is_documented_in,https://round4.ng-london.org.uk/ex/lcd/H37R-4GSG-WFQ6-WLBJ
https://round4.ng-london.org.uk/ex/lcd/RZA8-MPV6-LZ1E-1YTP,http://www.cidoc-crm.org/cidoc-crm/P2_has_type,http://www.cidoc-crm.org/cidoc-crm/E73_Information_Object
https://round4.ng-london.org.uk/ex/lcd/TV0X-8OM5-0OY9-XOJE,http://www.cidoc-crm.org/cidoc-crm/P50i_is_current_keeper_of,https://round4.ng-london.org.uk/ex/lcd/1JM9-FAU4-PHSU-M1NZ
https://round4.ng-london.org.uk/ex/lcd/VVUH-8B7Q-06PS-REQE,http://www.cidoc-crm.org/cidoc-crm/P2_has_type,http://vocab.getty.edu/page/aat/300025231
https://round4.ng-london.org.uk/ex/lcd/TBSW-8FQL-W0G0-3NCY,http://www.cidoc-crm.org/cidoc-crm/P2_has_type,http://www.cidoc-crm.org/cidoc-crm/E73_Information_Object
https://round4.ng-london.org.uk/ex/lcd/V5FH-WGU6-176U-T0JX,http://www.cidoc-crm.org/cidoc-crm/P70i_is_documented_in,https://round4.ng-london.org.uk/ex/lcd/L4P8-ZS75-WB6T-D1NZ
https://round4.ng-london.org.uk/ex/lcd/TV0X-8OM5-0OY9-XOJE,http://www.cidoc-crm.org/cidoc-crm/P2_has_type,http://vocab.getty.edu/page/aat/300025231
https://round4.ng-london.org.uk/ex/lcd/I2R3-GA9B-5RXN-P679,http://www.cidoc-crm.org/cidoc-crm/P1_is_identified_by,https://rdf.ng-london.org.uk/raphael/resource/Pesaro
https://round4.ng-london.org.uk/ex/lcd/8HTP-TC8A-NLPV-KETY,http://www.cidoc-crm.org/cidoc-crm/P70i_is_documented_in,https://round4.ng-london.org.uk/ex/lcd/0081-N7O2-AEGW-G1SN
https://round4.ng-london.org.uk/ex/lcd/94MW-WQ5W-DQ5D-HLXS,http://www.cidoc-crm.org/cidoc-crm/P2_has_type,http://www.cidoc-crm.org/cidoc-crm/E74_Group
https://round4.ng-london.org.uk/ex/lcd/E1XS-OU71-W212-07Q2,http://www.cidoc-crm.org/cidoc-crm/P1_is_identified_by,https://rdf.ng-london.org.uk/raphael/resource/Windsor
https://round4.ng-london.org.uk/ex/lcd/LMSZ-97X0-HKDS-2BUS,http://www.cidoc-crm.org/cidoc-crm/P1_is_identified_by,http://www.museo-capodimonte.it/
https://round4.ng-london.org.uk/ex/lcd/07UV-OKZ3-ZUST-I3BU,http://www.cidoc-crm.org/cidoc-crm/P2_has_type,http://vocab.getty.edu/page/aat/300403974
https://round4.ng-london.org.uk/ex/lcd/8DDG-KEV6-1DSE-AREK,http://www.cidoc-crm.org/cidoc-crm/P2_has_type,http://www.cidoc-crm.org/cidoc-crm/E53_Place
https://round4.ng-london.org.uk/ex/lcd/07UV-OKZ3-ZUST-I3BU,http://www.cidoc-crm.org/cidoc-crm/P3_has_note,
https://round4.ng-london.org.uk/ex/lcd/MLC1-RAW4-0JNV-7EO7,http://www.cidoc-crm.org/cidoc-crm/P2_has_type,http://vocab.getty.edu/page/aat/300025231
https://round4.ng-london.org.uk/ex/lcd/MY6F-ZKC0-BXZL-5WWJ,http://www.cidoc-crm.org/cidoc-crm/P53_has_former_or_current_location,https://round4.ng-london.org.uk/ex/lcd/C0S3-0A07-XBAI-U8YL
https://round4.ng-london.org.uk/ex/lcd/XHMW-W1GB-N895-WTHB,http://www.cidoc-crm.org/cidoc-crm/P3_has_note,
https://round4.ng-london.org.uk/ex/lcd/VVUH-8B7Q-06PS-REQE,http://www.cidoc-crm.org/cidoc-crm/P53_has_former_or_current_location,https://round4.ng-london.org.uk/ex/lcd/1C3H-V4U0-5B8Y-782H
https://round4.ng-london.org.uk/ex/lcd/XEGK-KRZN-UUIV-LP1E,http://www.cidoc-crm.org/cidoc-crm/P2_has_type,http://www.cidoc-crm.org/cidoc-crm/E73_Information_Object
https://round4.ng-london.org.uk/ex/lcd/2NU2-XRRR-EY1T-03PY,http://www.cidoc-crm.org/cidoc-crm/P2_has_type,http://vocab.getty.edu/page/aat/300403974
https://round4.ng-london.org.uk/ex/lcd/A136-OHNR-U3DP-VCHE,http://www.cidoc-crm.org/cidoc-crm/P53_has_former_or_current_location,https://round4.ng-london.org.uk/ex/lcd/L6UN-E853-VHVQ-3EDH
https://round4.ng-london.org.uk/ex/lcd/ME5F-NPNJ-PWCZ-6XI9,http://www.cidoc-crm.org/cidoc-crm/P2_has_type,http://www.cidoc-crm.org/cidoc-crm/E53_Place
https://round4.ng-london.org.uk/ex/lcd/SEGK-V20V-BNNL-W2D7,http://www.cidoc-crm.org/cidoc-crm/P53_has_former_or_current_location,https://round4.ng-london.org.uk/ex/lcd/IO98-R91T-UK6C-PLCP
https://round4.ng-london.org.uk/ex/lcd/2UEH-TI0O-0YSB-W9V5,http://www.cidoc-crm.org/cidoc-crm/P53_has_former_or_current_location,https://round4.ng-london.org.uk/ex/lcd/GRF3-243V-J4IL-W87R
https://round4.ng-london.org.uk/ex/lcd/7CL6-V7JN-SN2L-GN7H,http://www.cidoc-crm.org/cidoc-crm/P3_has_note,
https://round4.ng-london.org.uk/ex/lcd/GO4M-987M-8DLZ-N8SC,http://www.cidoc-crm.org/cidoc-crm/P2_has_type,http://www.cidoc-crm.org/cidoc-crm/E74_Group
https://round4.ng-london.org.uk/ex/lcd/2UEH-TI0O-0YSB-W9V5,http://www.cidoc-crm.org/cidoc-crm/P3_has_note,
https://round4.ng-london.org.uk/ex/lcd/XSMB-QMTA-7AHQ-VV38,http://www.cidoc-crm.org/cidoc-crm/P2_has_type,http://www.cidoc-crm.org/cidoc-crm/E53_Place
https://round4.ng-london.org.uk/ex/lcd/8WPF-HVV9-6GGQ-O6LG,http://www.cidoc-crm.org/cidoc-crm/P70i_is_documented_in,https://round4.ng-london.org.uk/ex/lcd/E7PK-1BQC-AA25-V609
https://round4.ng-london.org.uk/ex/lcd/M3QE-KCT8-38IO-FZCI,http://www.cidoc-crm.org/cidoc-crm/P70i_is_documented_in,https://round4.ng-london.org.uk/ex/lcd/LZKA-RNOA-6SH4-AGR9
