Literal value,Placeholder PID
The Ansidei Madonna,4LQB-KGI7-AGRW-YHUV
The Madonna of the Pinks,3TF0-2MHB-U6OZ-CHD2
NG1171,YFO9-6YQ2-3N7T-XXPN
title of https://rdf.ng-london.org.uk/raphael/resource/NG1171,R4LY-Q1JY-24TT-UK2M
short title of https://rdf.ng-london.org.uk/raphael/resource/NG1171,IJRT-S7CF-CXGO-9ADC
medium of https://rdf.ng-london.org.uk/raphael/resource/NG1171,U1KK-YK1Y-SBQX-3FJ6
height of https://rdf.ng-london.org.uk/raphael/resource/NG3943,070M-GORP-VGSX-Q6QY
width of https://rdf.ng-london.org.uk/raphael/resource/NG3943,F61Z-8VFS-5LE7-9547
title of https://rdf.ng-london.org.uk/raphael/resource/NG3943,YBM8-TWPZ-A692-P6GL
short title of https://rdf.ng-london.org.uk/raphael/resource/NG3943,OKO9-F1PU-MF2Z-2SOK
support material of https://rdf.ng-london.org.uk/raphael/resource/NG3943,6MPC-80Z2-10PB-SNGJ
acquisition of https://rdf.ng-london.org.uk/raphael/resource/NG3943,6TGD-08LQ-EIH7-TINL
production of https://rdf.ng-london.org.uk/raphael/resource/NG3943,4XMK-9VM4-E6DL-W66G
medium of https://rdf.ng-london.org.uk/raphael/resource/NG3943,4RJE-CRA6-302F-L8DR
width of https://rdf.ng-london.org.uk/raphael/resource/NG6480,CG3B-EUK7-XS3F-UQF3
support material of https://rdf.ng-london.org.uk/raphael/resource/NG6480,3FUM-0FWQ-B2N9-OPM8
short title of https://rdf.ng-london.org.uk/raphael/resource/NG6480,014E-2ET8-NAP9-VG3J
height of https://rdf.ng-london.org.uk/raphael/resource/NG6480,8FSZ-ULH8-5AGM-KDGC
acquisition of https://rdf.ng-london.org.uk/raphael/resource/NG6480,IBY8-STZ2-Q3G9-R3DF
production of https://rdf.ng-london.org.uk/raphael/resource/NG6480,NVS9-L838-GZG6-VR3Q
title of https://rdf.ng-london.org.uk/raphael/resource/NG6480,DFD2-S8G3-7AE5-RJZQ
medium of https://rdf.ng-london.org.uk/raphael/resource/NG6480,4HU1-R3RY-S7EZ-3Q1N
medium of https://rdf.ng-london.org.uk/raphael/resource/NG6596,JVSQ-132N-UB4M-RRJQ
acquisition of https://rdf.ng-london.org.uk/raphael/resource/NG6596,KIZG-DJC2-O1FL-KUKJ
short title of https://rdf.ng-london.org.uk/raphael/resource/NG6596,943A-QW4X-8VQ1-668I
title of https://rdf.ng-london.org.uk/raphael/resource/NG6596,Y5VY-Z68N-11JG-WT8U
support material of https://rdf.ng-london.org.uk/raphael/resource/NG6596,OKNA-778R-DA7U-OOD6
height of https://rdf.ng-london.org.uk/raphael/resource/NG6596,VSXP-KLNM-LOKH-YT5Z
width of https://rdf.ng-london.org.uk/raphael/resource/NG6596,Y58B-UU3R-BBVQ-LVPS
production of https://rdf.ng-london.org.uk/raphael/resource/NG6596,RRUH-92QF-XV2G-OS6J
https://rdf.ng-london.org.uk/raphael/resource/RRR_1942.9.57,K222-8EHM-1848-EBEP
width of https://rdf.ng-london.org.uk/raphael/resource/RRR_1942.9.57,IRBA-KZSD-0C48-PEWZ
short title of https://rdf.ng-london.org.uk/raphael/resource/RRR_1942.9.57,JZOT-07UF-53AO-HB2S
height of https://rdf.ng-london.org.uk/raphael/resource/RRR_1942.9.57,WDPO-QRLJ-BQRZ-W332
support material of https://rdf.ng-london.org.uk/raphael/resource/RRR_1942.9.57,B8DH-C4OR-N6ML-AFPK
acquisition of https://rdf.ng-london.org.uk/raphael/resource/RRR_1942.9.57,J0YO-U8ZP-WEPN-1KV8
production of https://rdf.ng-london.org.uk/raphael/resource/RRR_1942.9.57,ZZBU-XFZY-T5WR-NZAN
medium of https://rdf.ng-london.org.uk/raphael/resource/RRR_1942.9.57,Q7FO-QWO6-OJBZ-JHEA
title of https://rdf.ng-london.org.uk/raphael/resource/RRR_1942.9.57,T5A2-EASB-5CHN-PFQL
height of https://rdf.ng-london.org.uk/raphael/resource/NG1171,BC9W-NXYV-PXV4-T571
acquisition of https://rdf.ng-london.org.uk/raphael/resource/NG1171,P9WZ-JNS5-VTJO-NJG9
width of https://rdf.ng-london.org.uk/raphael/resource/NG1171,OB5S-EXUA-IUSK-SJ9A
production of https://rdf.ng-london.org.uk/raphael/resource/NG1171,3OPN-GH7F-303L-871B
support material of https://rdf.ng-london.org.uk/raphael/resource/NG1171,CUPE-H0GT-Q1JJ-27OA
https://rdf.ng-london.org.uk/raphael/resource/DPG241,P6QD-Z3BK-BPVP-TVOR
production of https://rdf.ng-london.org.uk/raphael/resource/DPG241,XAYY-VQJT-DN95-18OP
width of https://rdf.ng-london.org.uk/raphael/resource/DPG241,YBQ6-3Q3J-D5N8-DXDG
medium of https://rdf.ng-london.org.uk/raphael/resource/DPG241,R2V7-3VHD-6WAL-CCSA
title of https://rdf.ng-london.org.uk/raphael/resource/DPG241,M1ZX-5OJ5-7ACS-071G
support material of https://rdf.ng-london.org.uk/raphael/resource/DPG241,HGXQ-O47L-6LUJ-SKHR
acquisition of https://rdf.ng-london.org.uk/raphael/resource/DPG241,Y5E0-G5PF-482Z-PQUY
height of https://rdf.ng-london.org.uk/raphael/resource/DPG241,RSQS-8ECX-S7BM-ZH7F
short title of https://rdf.ng-london.org.uk/raphael/resource/DPG241,41HB-PPF5-KMQG-YD3M
https://rdf.ng-london.org.uk/raphael/resource/RRR_32.130.1,7SAR-5G52-FF9K-6GHX
title of https://rdf.ng-london.org.uk/raphael/resource/RRR_32.130.1,VMT6-FS6C-SEDT-LVZX
production of https://rdf.ng-london.org.uk/raphael/resource/RRR_32.130.1,L0SU-TK1J-AY7R-4BC2
short title of https://rdf.ng-london.org.uk/raphael/resource/RRR_32.130.1,EAQI-ZP5J-II91-3F1C
width of https://rdf.ng-london.org.uk/raphael/resource/RRR_32.130.1,K0DL-QULN-BPFE-PJW3
medium of https://rdf.ng-london.org.uk/raphael/resource/RRR_32.130.1,HKFZ-2EVC-GQXE-MIHB
acquisition of https://rdf.ng-london.org.uk/raphael/resource/RRR_32.130.1,34S2-O343-AD3F-7Z53
support material of https://rdf.ng-london.org.uk/raphael/resource/RRR_32.130.1,37D3-OZAR-ZB4D-AWGS
height of https://rdf.ng-london.org.uk/raphael/resource/RRR_32.130.1,G4JH-JQA2-D5DW-KANO
https://rdf.ng-london.org.uk/raphael/resource/PE40,EXH8-KTV0-58BA-KJMA
title of https://rdf.ng-london.org.uk/raphael/resource/PE40,XO7X-2B4A-XUG8-YOBT
medium of https://rdf.ng-london.org.uk/raphael/resource/PE40,Y7LT-95AJ-8SIV-83FU
support material of https://rdf.ng-london.org.uk/raphael/resource/PE40,PITV-V5O1-FSG1-PONU
acquisition of https://rdf.ng-london.org.uk/raphael/resource/PE40,9URE-RL1B-OY4S-PWP0
production of https://rdf.ng-london.org.uk/raphael/resource/PE40,XM20-BI5X-9BN4-3Q9A
short title of https://rdf.ng-london.org.uk/raphael/resource/PE40,A2JU-8ND6-UY4N-49SI
width of https://rdf.ng-london.org.uk/raphael/resource/PE40,VREQ-FDYO-J7FA-B52A
height of https://rdf.ng-london.org.uk/raphael/resource/PE40,HAIY-HR4J-7S0L-FD4Z
https://rdf.ng-london.org.uk/raphael/resource/RRR_1943.4.33,L021-6FJE-RS1E-0FJC
title of https://rdf.ng-london.org.uk/raphael/resource/RRR_1943.4.33,UX71-JOEA-NC2B-GXDN
width of https://rdf.ng-london.org.uk/raphael/resource/RRR_1943.4.33,DY8H-6HPG-9BSI-40PH
medium of https://rdf.ng-london.org.uk/raphael/resource/RRR_1943.4.33,PSII-PW3E-1YOX-NV6T
production of https://rdf.ng-london.org.uk/raphael/resource/RRR_1943.4.33,DXAQ-5QI9-83R4-KVY8
support material of https://rdf.ng-london.org.uk/raphael/resource/RRR_1943.4.33,GOBD-7MXC-ASWA-WBYJ
height of https://rdf.ng-london.org.uk/raphael/resource/RRR_1943.4.33,6S7C-7MN0-KZU6-A3CJ
short title of https://rdf.ng-london.org.uk/raphael/resource/RRR_1943.4.33,KVHJ-FLRQ-MJMZ-POKU
acquisition of https://rdf.ng-london.org.uk/raphael/resource/RRR_1943.4.33,DQAU-JP1H-84JD-DGRW
height of https://rdf.ng-london.org.uk/raphael/resource/NG168,FT2C-97HN-R8GU-AQFW
width of https://rdf.ng-london.org.uk/raphael/resource/NG168,C7FX-QF64-31OM-2AOA
production of https://rdf.ng-london.org.uk/raphael/resource/NG168,SG08-31P2-YZMD-RKRK
short title of https://rdf.ng-london.org.uk/raphael/resource/NG168,M1Q4-D3AA-OJ70-NYQX
title of https://rdf.ng-london.org.uk/raphael/resource/NG168,PJBY-LSZH-IFCO-HB4K
acquisition of https://rdf.ng-london.org.uk/raphael/resource/NG168,3RHR-RBOM-RQ8O-8FO3
support material of https://rdf.ng-london.org.uk/raphael/resource/NG168,XLPM-97V5-H0J1-M9SN
medium of https://rdf.ng-london.org.uk/raphael/resource/NG168,GY7S-AO45-CGHQ-UK71
https://rdf.ng-london.org.uk/raphael/resource/PE38,Q0ZQ-NHP4-U9VN-D5R5
height of https://rdf.ng-london.org.uk/raphael/resource/PE38,QZSR-S9YZ-9CQL-J9YP
production of https://rdf.ng-london.org.uk/raphael/resource/PE38,ETIP-M6JR-80CN-I9S8
title of https://rdf.ng-london.org.uk/raphael/resource/PE38,03VY-MRVY-B476-AVIF
support material of https://rdf.ng-london.org.uk/raphael/resource/PE38,TR61-C6J1-TX1W-02KT
medium of https://rdf.ng-london.org.uk/raphael/resource/PE38,TBM0-3F31-BEY8-5IIO
acquisition of https://rdf.ng-london.org.uk/raphael/resource/PE38,PTR8-LM0W-T1H4-Y5SI
width of https://rdf.ng-london.org.uk/raphael/resource/PE38,GDDA-YJPW-RINU-TDHE
short title of https://rdf.ng-london.org.uk/raphael/resource/PE38,T1TD-RZTK-1IRQ-X6ZA
medium of https://rdf.ng-london.org.uk/raphael/resource/NG929,7KZQ-7C91-YTJL-445T
height of https://rdf.ng-london.org.uk/raphael/resource/NG929,JOK6-NFJ6-JDPQ-GEH4
production of https://rdf.ng-london.org.uk/raphael/resource/NG929,X5MI-HSIM-LR4V-Y6ZS
width of https://rdf.ng-london.org.uk/raphael/resource/NG929,6ZMF-DE18-W145-SF5C
support material of https://rdf.ng-london.org.uk/raphael/resource/NG929,V2J9-6V6J-80EE-V5F1
title of https://rdf.ng-london.org.uk/raphael/resource/NG929,D34N-DECO-Z0OQ-1BYH
acquisition of https://rdf.ng-london.org.uk/raphael/resource/NG929,4JAB-0XL8-GGZ8-TAFP
short title of https://rdf.ng-london.org.uk/raphael/resource/NG929,J28U-T9TI-S6C9-A4ZC
https://rdf.ng-london.org.uk/raphael/resource/M.1972.2.P,PJVU-6FCY-XSWS-TX7Z
width of https://rdf.ng-london.org.uk/raphael/resource/M.1972.2.P,V5PE-08F4-YHNR-VTRF
medium of https://rdf.ng-london.org.uk/raphael/resource/M.1972.2.P,HKCT-0XAP-APV7-YUJF
short title of https://rdf.ng-london.org.uk/raphael/resource/M.1972.2.P,RPY1-PO7R-5YDE-YPE2
title of https://rdf.ng-london.org.uk/raphael/resource/M.1972.2.P,F9RD-CIDO-MMVT-BSS1
acquisition of https://rdf.ng-london.org.uk/raphael/resource/M.1972.2.P,2010-7L0K-F0MV-SJ5E
height of https://rdf.ng-london.org.uk/raphael/resource/M.1972.2.P,H18B-R3XI-Q8GM-0AMQ
production of https://rdf.ng-london.org.uk/raphael/resource/M.1972.2.P,YR6I-72GP-R8JB-I7IT
support material of https://rdf.ng-london.org.uk/raphael/resource/M.1972.2.P,51VS-YYAC-WUJX-315A
https://rdf.ng-london.org.uk/raphael/resource/MNdAA568,ETVC-80QU-3CBG-LWXT
acquisition of https://rdf.ng-london.org.uk/raphael/resource/MNdAA568,JR2Q-0IZO-WOEX-TEMI
height of https://rdf.ng-london.org.uk/raphael/resource/MNdAA568,6IOP-F6BR-1F0I-GVGQ
support material of https://rdf.ng-london.org.uk/raphael/resource/MNdAA568,3JPM-176D-JTGT-L2KR
width of https://rdf.ng-london.org.uk/raphael/resource/MNdAA568,Q1YH-IV1A-J0VK-YNI4
title of https://rdf.ng-london.org.uk/raphael/resource/MNdAA568,J4JV-XF73-W8OH-Y6PD
short title of https://rdf.ng-london.org.uk/raphael/resource/MNdAA568,5OBL-LRG7-4J04-GW3R
production of https://rdf.ng-london.org.uk/raphael/resource/MNdAA568,022B-47SZ-E6OP-538G
medium of https://rdf.ng-london.org.uk/raphael/resource/MNdAA568,DZIT-TBKB-HCTB-PW5P
https://rdf.ng-london.org.uk/raphael/resource/RRR_17.1958,HS7G-OKLV-MI7U-U47J
short title of https://rdf.ng-london.org.uk/raphael/resource/RRR_17.1958,WPGI-VDXD-TX4W-5NA0
production of https://rdf.ng-london.org.uk/raphael/resource/RRR_17.1958,98OE-OJUA-RKVF-J5RJ
title of https://rdf.ng-london.org.uk/raphael/resource/RRR_17.1958,JXZP-UR3Y-2857-QUIC
height of https://rdf.ng-london.org.uk/raphael/resource/RRR_17.1958,VH7V-1FC3-GF5L-G5R5
support material of https://rdf.ng-london.org.uk/raphael/resource/RRR_17.1958,VJR0-ZNVF-BJHC-AEB1
acquisition of https://rdf.ng-london.org.uk/raphael/resource/RRR_17.1958,0FVO-TY69-5NTX-K1KP
width of https://rdf.ng-london.org.uk/raphael/resource/RRR_17.1958,PHSA-TMEE-QA70-27A8
medium of https://rdf.ng-london.org.uk/raphael/resource/RRR_17.1958,LBU6-BJHA-D48Z-LWDX
https://rdf.ng-london.org.uk/raphael/resource/G.65.21.1,JY5N-ORVX-IVY7-5EI0
support material of https://rdf.ng-london.org.uk/raphael/resource/G.65.21.1,3IJX-OYYG-2EW5-8V2X
medium of https://rdf.ng-london.org.uk/raphael/resource/G.65.21.1,B7AO-89PO-KKAK-G56U
height of https://rdf.ng-london.org.uk/raphael/resource/G.65.21.1,ZHKD-28OS-3JVZ-9W3Z
production of https://rdf.ng-london.org.uk/raphael/resource/G.65.21.1,FXFL-55N8-JX0S-NNEN
acquisition of https://rdf.ng-london.org.uk/raphael/resource/G.65.21.1,DE1F-R3J3-B758-NG1E
short title of https://rdf.ng-london.org.uk/raphael/resource/G.65.21.1,QNGD-32XE-EB3I-GN8T
title of https://rdf.ng-london.org.uk/raphael/resource/G.65.21.1,16XJ-8EKE-E5OV-TCIA
width of https://rdf.ng-london.org.uk/raphael/resource/G.65.21.1,5BGF-835R-HWLF-7GS0
https://rdf.ng-london.org.uk/raphael/resource/RRR_1937.1.26,1JUO-5TV4-50GW-O1IE
short title of https://rdf.ng-london.org.uk/raphael/resource/RRR_1937.1.26,0QPY-AQOM-50WZ-X7RA
medium of https://rdf.ng-london.org.uk/raphael/resource/RRR_1937.1.26,DN6Y-XR43-6RHT-4U6J
width of https://rdf.ng-london.org.uk/raphael/resource/RRR_1937.1.26,S9IN-RV74-160M-6LXZ
title of https://rdf.ng-london.org.uk/raphael/resource/RRR_1937.1.26,G1TQ-S6OH-CS2H-ET0M
acquisition of https://rdf.ng-london.org.uk/raphael/resource/RRR_1937.1.26,BRKF-26FW-3AHL-GK65
height of https://rdf.ng-london.org.uk/raphael/resource/RRR_1937.1.26,IY98-8OA8-8XEV-ZMA2
production of https://rdf.ng-london.org.uk/raphael/resource/RRR_1937.1.26,F362-5SQD-DVNB-446L
support material of https://rdf.ng-london.org.uk/raphael/resource/RRR_1937.1.26,SHCG-MGWD-5PKL-05K6
support material of https://rdf.ng-london.org.uk/raphael/resource/NG213,H150-PYAK-1GCX-L8PT
medium of https://rdf.ng-london.org.uk/raphael/resource/NG213,Q265-FCBS-FZGC-ME41
production of https://rdf.ng-london.org.uk/raphael/resource/NG213,GCMQ-LZU7-S7BB-E0J8
height of https://rdf.ng-london.org.uk/raphael/resource/NG213,43X9-LE0S-1NCI-50QJ
title of https://rdf.ng-london.org.uk/raphael/resource/NG213,AOQX-8L67-R1Y6-MUYB
short title of https://rdf.ng-london.org.uk/raphael/resource/NG213,9QY3-SKJ8-OZOM-6J3F
width of https://rdf.ng-london.org.uk/raphael/resource/NG213,EUQC-7F7B-6DDO-DZK6
acquisition of https://rdf.ng-london.org.uk/raphael/resource/NG213,GYIO-ZY20-M3BY-UDIT
support material of https://rdf.ng-london.org.uk/raphael/resource/NG2069,GZPG-FNRJ-XM5W-YUTU
medium of https://rdf.ng-london.org.uk/raphael/resource/NG2069,5FC8-AGV2-K1DK-TEG3
short title of https://rdf.ng-london.org.uk/raphael/resource/NG2069,GLUB-9FD0-BJWT-FYSM
acquisition of https://rdf.ng-london.org.uk/raphael/resource/NG2069,AU41-YYCH-X93Y-ARSY
title of https://rdf.ng-london.org.uk/raphael/resource/NG2069,2NCH-NQFF-X8ZG-AU84
width of https://rdf.ng-london.org.uk/raphael/resource/NG2069,M1N9-RDOY-VDXA-WOLC
production of https://rdf.ng-london.org.uk/raphael/resource/NG2069,GX5Z-55HD-B97Q-1CLG
height of https://rdf.ng-london.org.uk/raphael/resource/NG2069,M2K8-2X9N-HE47-AJKE
production of https://rdf.ng-london.org.uk/raphael/resource/NG27,3ESH-YYV6-PMYC-4BVP
medium of https://rdf.ng-london.org.uk/raphael/resource/NG27,AI9P-2915-074G-R5UE
support material of https://rdf.ng-london.org.uk/raphael/resource/NG27,SRS3-FOSN-HEID-PXRQ
short title of https://rdf.ng-london.org.uk/raphael/resource/NG27,GU9O-8H5F-6SEM-BBF3
title of https://rdf.ng-london.org.uk/raphael/resource/NG27,Y6P6-37WF-S6CU-8JOJ
height of https://rdf.ng-london.org.uk/raphael/resource/NG27,OPVP-KUKU-9E4G-UUJG
acquisition of https://rdf.ng-london.org.uk/raphael/resource/NG27,LUSH-53K9-IOXV-OT1B
width of https://rdf.ng-london.org.uk/raphael/resource/NG27,002L-ISHF-VN8T-95V9
width of https://rdf.ng-london.org.uk/raphael/resource/NG2919,P1N2-BVXI-E37I-GZPN
short title of https://rdf.ng-london.org.uk/raphael/resource/NG2919,1ZWT-XN5W-Y7EE-468E
support material of https://rdf.ng-london.org.uk/raphael/resource/NG2919,OTR5-6YND-X16O-1X92
medium of https://rdf.ng-london.org.uk/raphael/resource/NG2919,WE0Z-7DLX-6Q9Y-K2GB
height of https://rdf.ng-london.org.uk/raphael/resource/NG2919,Z64M-AFAA-5C72-94FQ
title of https://rdf.ng-london.org.uk/raphael/resource/NG2919,AAME-RNZE-S5HL-QAKX
production of https://rdf.ng-london.org.uk/raphael/resource/NG2919,7YGF-D85T-RSRS-36U2
acquisition of https://rdf.ng-london.org.uk/raphael/resource/NG2919,A1OJ-7CHU-IMWH-559T
https://rdf.ng-london.org.uk/raphael/resource/NGL065.46,EEKJ-BHKR-LWDF-KX3C
title of https://rdf.ng-london.org.uk/raphael/resource/NGL065.46,9D8Z-XJ0U-5KYG-87W4
height of https://rdf.ng-london.org.uk/raphael/resource/NGL065.46,WB9F-T1RJ-PTUQ-42KK
medium of https://rdf.ng-london.org.uk/raphael/resource/NGL065.46,X2QX-J6LC-F717-IK4B
support material of https://rdf.ng-london.org.uk/raphael/resource/NGL065.46,31FG-KOM4-6570-NQLH
production of https://rdf.ng-london.org.uk/raphael/resource/NGL065.46,RTWN-A2YA-08VT-B4Y2
width of https://rdf.ng-london.org.uk/raphael/resource/NGL065.46,V2TG-QFY3-T2CV-PYGF
short title of https://rdf.ng-london.org.uk/raphael/resource/NGL065.46,87QJ-CWWO-7MZI-842X
acquisition of https://rdf.ng-london.org.uk/raphael/resource/NG744,VA83-CM5N-43LS-87KZ
support material of https://rdf.ng-london.org.uk/raphael/resource/NG744,WN3W-BSTD-RLRQ-8OJU
title of https://rdf.ng-london.org.uk/raphael/resource/NG744,6QH4-L6CL-92EA-XUAF
width of https://rdf.ng-london.org.uk/raphael/resource/NG744,IFZZ-Z4G9-TM61-J5JM
medium of https://rdf.ng-london.org.uk/raphael/resource/NG744,FIPK-XSH7-VI2M-H1CF
production of https://rdf.ng-london.org.uk/raphael/resource/NG744,CG6H-VZ0T-DBHL-1UYQ
short title of https://rdf.ng-london.org.uk/raphael/resource/NG744,BBO1-PHZF-M5DK-CFZZ
height of https://rdf.ng-london.org.uk/raphael/resource/NG744,EGIR-72R5-U0PT-HA84
https://rdf.ng-london.org.uk/raphael/resource/RRR_16.30ab,QT5L-TW40-3Z13-NN7C
short title of https://rdf.ng-london.org.uk/raphael/resource/RRR_16.30ab,VX28-KVKJ-4M7Q-R0CM
acquisition of https://rdf.ng-london.org.uk/raphael/resource/RRR_16.30ab,M75B-4DJR-KW05-XCCV
production of https://rdf.ng-london.org.uk/raphael/resource/RRR_16.30ab,P39Y-T4UD-B28S-L3ZL
support material of https://rdf.ng-london.org.uk/raphael/resource/RRR_16.30ab,K4ON-KKSI-7X6C-WCDK
height of https://rdf.ng-london.org.uk/raphael/resource/RRR_16.30ab,2OCC-VVKO-IEHY-57ME
medium of https://rdf.ng-london.org.uk/raphael/resource/RRR_16.30ab,MGBH-M3XA-MWAD-8ZKW
width of https://rdf.ng-london.org.uk/raphael/resource/RRR_16.30ab,7OO0-R6T5-23PU-2IBD
title of https://rdf.ng-london.org.uk/raphael/resource/RRR_16.30ab,8EQB-0OF2-EB9I-TCGE
https://rdf.ng-london.org.uk/raphael/resource/DPG243,KVGB-VKRV-URRG-9AUK
acquisition of https://rdf.ng-london.org.uk/raphael/resource/DPG243,AFVB-9Q3B-0FR0-DPHG
title of https://rdf.ng-london.org.uk/raphael/resource/DPG243,RBOU-R2O1-MR82-PDKO
support material of https://rdf.ng-london.org.uk/raphael/resource/DPG243,BVD1-UNPY-V67A-BW98
production of https://rdf.ng-london.org.uk/raphael/resource/DPG243,56FM-8M1I-ZKQK-VCUH
short title of https://rdf.ng-london.org.uk/raphael/resource/DPG243,MUNG-KL5E-TU30-A5BK
medium of https://rdf.ng-london.org.uk/raphael/resource/DPG243,A9RG-RHSL-XQUE-PQFV
height of https://rdf.ng-london.org.uk/raphael/resource/DPG243,K7IE-Q12R-YK4N-PD4V
width of https://rdf.ng-london.org.uk/raphael/resource/DPG243,EFWT-2650-HOET-6EGK
https://rdf.ng-london.org.uk/raphael/resource/P16e3,PR7V-NYJH-JN3X-J0U3
production of https://rdf.ng-london.org.uk/raphael/resource/P16e3,35C5-TI1J-4SD2-FCIS
short title of https://rdf.ng-london.org.uk/raphael/resource/P16e3,N3T0-PEF4-NGWZ-QJHF
medium of https://rdf.ng-london.org.uk/raphael/resource/P16e3,KFNQ-FS27-GCSK-0DNV
support material of https://rdf.ng-london.org.uk/raphael/resource/P16e3,YDKU-JV96-FF8P-5Y7I
width of https://rdf.ng-london.org.uk/raphael/resource/P16e3,1DWV-NFYS-KUNM-903K
acquisition of https://rdf.ng-london.org.uk/raphael/resource/P16e3,AEET-ACOS-HRRJ-NY32
title of https://rdf.ng-london.org.uk/raphael/resource/P16e3,7E00-3ITF-IVSI-WMQ7
height of https://rdf.ng-london.org.uk/raphael/resource/P16e3,MFWR-1AZ0-N7O7-TYMM
https://rdf.ng-london.org.uk/raphael/resource/PE39,JZ96-K2XC-0486-17C0
width of https://rdf.ng-london.org.uk/raphael/resource/PE39,TJII-8YRR-CBWL-3HPO
height of https://rdf.ng-london.org.uk/raphael/resource/PE39,5P8Y-7W0W-67Z9-AQ6H
acquisition of https://rdf.ng-london.org.uk/raphael/resource/PE39,Z272-EDR1-9IDE-6VPS
production of https://rdf.ng-london.org.uk/raphael/resource/PE39,S0NB-05WC-LBKS-AEJL
short title of https://rdf.ng-london.org.uk/raphael/resource/PE39,BKF0-RU19-XBUX-9S8B
support material of https://rdf.ng-london.org.uk/raphael/resource/PE39,HS2E-TZ2F-ZM7U-1T8F
medium of https://rdf.ng-london.org.uk/raphael/resource/PE39,B3GW-QP55-ELX2-RHGQ
title of https://rdf.ng-london.org.uk/raphael/resource/PE39,FHCE-REW8-E7Y5-O6Q1
